"December 18, 2020",40,Great Steak at Great prices.,"The Americans certainly know how to cook steak and cook it the way you want it. Mouth watering, fresh, & full of flavor. We had a great meal with great service."
"November 23, 2020",30,All sizzle and no flavor,"The cozy ambience, large size of the steaks, and wonderful service would have made for a great evening. Sadly, my ribeye had poor texture, was very dry, not very tender, and probably needed a large dose of salt to bring out any flavor. Very disappointing."
"October 31, 2020",40,Birthday Dinner,"We celebrated my husband birthday and had an awesome steak dinner. Accompanied by great drinks, delicious octopus appetizer and tres leches yummy dessert. Will definitely go back."
"October 18, 2020",50,Very nice and beautiful place,If you really want steak - it is right place. Very calm and nice atmosphere. Service was excellent! Everthing was very authentic.
"October 13, 2020",50,The Ribeye was spot on! Service,The Ribeye was spot on! Service was excellent. Was very satisfied with our dining experience. Don’t pass this place up.
"September 4, 2020",30,Loved our steaks but have,Loved our steaks but have never been asked by the manager to please leave in 6 mins. Maybe it was because out of the 6 of us only 2 were drinking.
"March 16, 2020",40,Evening dinner,Had a tasty steak with a glass of wine. The meat was really good and I warmly recommend this restaurant.
"March 11, 2020",50,Great place to eat! Wife,Great place to eat! Wife and I stopped in before a play. Told them it was my wife’s birthday and they all sang happy birthday. Will go back next time we’re in the city
"March 6, 2020",50,Simply excellent!,"Holy...shi..When you eat here. You are just simply happy after you eat the food, it is so good. The food and the service is excellent. Know something about the meat what they serving. Because they make everything perfect. Also the drinks are good..."
"March 6, 2020",50,Dinner,"We went for my boyfriend’s birthday and it ended up being the best steak we’ve ever had! We split the 50 oz Porterhouse, it was cooked to perfection! The fresh grated horseradish on top was a nice touch too. We definitely will be returning soon!"
"February 29, 2020",50,Best Steakhouse in New York City,The New York strip steak was served on a hot plate with fresh shaved horseradish melted on top. Amazing flavor. Definitely one of the best steaks I’ve ever had!
"February 29, 2020",50,Great steak,"Visited for my wife's 40th birthday. Outstanding food and service. huge cuts, recommend sharing a steak."
"February 28, 2020",50,Aw,"Excellent meal, great atmosphere!! Impeccable service. Definitely a favorite, Staff was very friendly and helpful. Went above and beyond for us."
"February 27, 2020",50,Best Bartender: Tim,"Let me tell you honey, Tim was the BEST New York bartender I’ve ever had - sweet, friendly and hospitable! And I’ve lived in New York for 5 years!"
"February 27, 2020",50,Great atmosphere,"Love this place! The steak is amazing and make sure to sit at the bar with Tim the bartender, he is so personable and humorous. A breathe of fresh air in the hustle of NYC!"
"February 27, 2020",50,Tim makes the best Margaritas!!!,K Rico is consistently my favorite place for Brunch. Not too slammed but delicious. And the margs!!!
"February 27, 2020",50,Great service. Wonderful food,Great service. Wonderful food and staff. Go visit because you will not regret it. Such a wonderful food exsperience
"February 26, 2020",50,Amazing! Super dinner!,Amazing! Super dinner. Highly recommend the Porterhouse. Serves 3 people. Fantastic night. Sides could be not so little.
"February 26, 2020",50,Gold quality steak and silver service,"Fantastic food and attentive service for a wonderful 40th birthday meal. Warm welcome, silver service standards, knowledgeable waiters, simply amazing steaks and cheesecake. Really nice touch with owner Tommy saying hi and the waiters singing happy birthday. The best steak I’ve ever had!!"
"February 23, 2020",50,Excellent food and service,"Excellent fresh food and very quick service, highly recommended ! Easy to make an online reservation."
"February 23, 2020",50,Probably the best meal and,"Probably the best meal and value we had while in NYC. Everything was amazing from the service to the food. The special steak was extremely flavorful, the mussels app was phenomenal, and the sides were just as perfect. Do not hesitate to eat here."
"February 22, 2020",50,Fantastic Steak on a Cold Night,The fillet was wonderful as well as the empanadas and you must try the Strawberry Salad. The service and atmosphere were superb.
"February 22, 2020",50,Den beste restauranten i NU,Great service! Best food we ate in NY! Owner Tommy followed us up in an amazingly unique way! Can recommend anyone going to NY and have a meal here! We will come back next time!
"February 21, 2020",50,This is by far the best steakhouse,This is by far the best steakhouse ever. My ribeye was cooked to perfection and so tasty. The staff were amazing and super attentive they even set a place for my nieces American girl doll. I will definitely be back
"February 18, 2020",50,Wonderful steak,Really enjoyed our meal here. Steak was delicious. Biggest baked potato I’ve ever seen. Lots of different dips and owner was really nice. Introduced himself and had a chat
"February 16, 2020",50,50oz porterhouse was perfect,"50oz porterhouse was perfectly cooked and probably the best steak I’ve ever had. Service was good, food excellent. Thank you for a great meal!"
"February 15, 2020",50,We loved our brunch at K Rico!,We loved our brunch at K Rico! The steak was perfectly cooked. Super fun and friendly staff that ensured we had a great time! We’ll be back!
"February 11, 2020",50,Best steak I have EVER had,"Yes it is expensive, but it is certainly worth it, I went for the 22 oz Ribeye, Sue went for the small Fillet (8 oz!) Both were melt in the mouth delicious."
"February 9, 2020",50,Best steak and nicest people,Best steak and nicest people you’ll get. 100% recommend. Staff very helpful and full range of top notch steak
"February 8, 2020",50,Wonderful memory,I came to KRico with my family and had one of the most memorable meals ever. Great food and excellent service. I will come anytime in a heart beat.
"February 4, 2020",50,Amazing service and food,"Meat is well presented, cooked to perfection service is outstanding very attentive staff great place for couples or family"
"February 2, 2020",50,Great Brunch,"Had the salmon frittata and it was *so* delicious -- Adam, the bartender, was very attentive and friendly, and the drinks he made were dangerously good. What a lovely surprise!"
"February 1, 2020",50,K Rico’s rating,"K Rico is the best South American steakhouse in New York, and give you the best service tho. And is an very nice restaurant."
"January 27, 2020",50,Local gem! Must try!!,Excellent trip advisor find!!! The petite filet was amazing!! Ambiance was perfect and the owner was very kind. Highly recommended when in the Hell’s Kitchen area. We stayed at the crowne plaza in Times Square and it was a short walk to get there!
"January 26, 2020",50,Tony’s Birthday,Food and service was amazing ! Great place to dine before a night on the town. Just a couple of blocks away from all the Broadway shows so it’s fantastic for before or after for a memorable time.
"January 26, 2020",50,"Amazing restaurant, food is","Amazing restaurant, food is great and the service is excellent. It’s like dinning at home. I will definitely recommend this restaurant. We celebrated a birthday party and we had such a great time."
"January 26, 2020",50,K Ricooo!!!,Best restaurant in Hell’s Kitchen! Love the service and the food. La parrillada yum!! Come for brunch on Sundays✨
"January 19, 2020",50,AMAZING!!! The atmosphere,AMAZING!!! The atmosphere is warm and inviting. The staff are friendly and professional. The food is OUTSTANDING!!! The oysters are phenomenal and the steaks are PERFECTION!! K Rico is a MUST! We will definitely be back. HIGHLY RECOMMEND!!
"January 18, 2020",50,Unbelievable food,Amazing steaks. Wonderful service. Executive chef explained the meats. Superb experience. Highly recommended. Absolutely beautiful ribeye and fillets.
"January 18, 2020",50,BEST PLACE IN NEW YORK,We have been coming here for years and it is always the best steakhouse we have ever experienced. Their sides are to die for and definitely try the dessert.
"January 16, 2020",50,Amazing steak at K Rico,This was our 2nd visit to K Rico and it surpassed our 1st visit. We both had the 14oz fillet mignon and I can say this is the best steak I have ever had. I would definitely recommend this restaurant.
"January 16, 2020",50,Great food and servce,"nicely appointed, Argentinian feel, friendly and attentive servers and hostess and chef. Steaks were delicious, well prepared. Good menu choices, something for everyone. very good wine choices too."
"January 14, 2020",50,"Great Steak, Even Better Service",Really enjoyed this meal! The steak blew us away and the service was first class! Keep doing what your doing K Rico!
"January 14, 2020",50,Make the time to eat at K Rico!,"Fantastic service, engaging and knowledgeable staff and management. We each enjoyed every course that was served. (The tomahawk was prepared to perfection.)"
"January 10, 2020",50,Awesome,"Landed at JFK, dropped bags at hotel and walked over here. Well worth the logistics! Excellent choice, great explanations. But couldn't manage a desert"
"January 9, 2020",50,Amazing!,We visited k Rico due to reading amazing reviews! An it did not disappoint! From food to the service was 5*. Definitely worth a visit!
"January 6, 2020",50,Wonderful dinner in NYC,"Wonderful steak-dinner in NYC! Good price-quality of meat, Gently employers, the Restaurant is very clean. Good experience"
"January 4, 2020",50,Best Restaurant in NYC,"What an amazing place in NYC. Great food, drinks and staff. This place puts all other steakhouses in NYC to shame. 6th trip in past 2 months and everyone has been amazing!"
"January 2, 2020",50,Great Steak.......,"Second visit here, great steak, great service, not too pricey compared to some similar steak houses, can’t fault it, will return !!!"
"December 29, 2019",40,"Nice place, good service","Great service, nice owner explaining every meat cut. Steaks good but not as great as at some other steakhouses."
"December 27, 2019",50,Great time at K Rico,"Went in to have a solo steak dinner as a Christmas present to myself and was overwhelmed with hospitality from the bartender Tim. The food, from chef John Grecco, was superb and definitely will be back! Happy holidays to me and this fabulous steakhouse!"
"December 23, 2019",50,Go eat here now!!,"Fantastic food. Amazing service! Great location! We went here based on the reviews and they did NOT disappoint! The empanadas were amazing! The filet is to die for! Seriously, so now and eat here!"
"December 13, 2019",50,Wonderful Steakhouse in Manhattan,"We loved the environment, the food, the service. Everything was made perfect. I chose the salmon even though we were in a beautiful steak restaurant, and boy it did not disappoint. Wonderful pairings and the appetizers were delicious. We would highly recommend this restaurant."
"December 12, 2019",50,One of the best restaurants,I went there on a busy thursday evening. The staff is very friendly and the filet mignon was one of the best I ever had. Thank you for your kind service and go ahead..
"December 9, 2019",50,Top quality without stupid prices,Top quality without stupid prices. Looked after like Kings and Queens by the knowledgable staff. Would unequivocally recommend
"December 7, 2019",50,Everything was perfect! The,"Everything was perfect! The atmosphere, the food, the service.... all exceptional. I had the K Rico sirloin and it came out with the Executive Chef. He gave us recommendations, and really enhanced the whole experience. Thanks to the staff!"
"November 28, 2019",40,Birthday celebration,On my wife birthday select this place and had an Excellent experience. The food and service was something over our expectations.
"November 27, 2019",50,Excellent Cod Dish,Great Service and food. We both got the Cod it was excellent. I ordered the tres leches for dessert also excellent. Cauliflower mash was interesting never had anything like it but that was good. I would go here again!
"November 27, 2019",50,Awesome service and amazing food!!!!,Awesome service and amazing food!!! I will definitely go back if I have the chance. Best meal experience in years.
"November 22, 2019",50,The best steak I’ve ever had,Went here on a Friday night and the food couldn’t have been better. So helpful. Would recommend everyone to go here when visiting the city.
"November 15, 2019",50,Great experience well worth a visit,We wanted to try a genuine NYC steak house and K Rico’s did not disappoint. Food was excellent & Tommy’s personal showcase of the different cuts of meat was a highlight. Great atmosphere and service and the cheesecake was the best ever!
"November 15, 2019",50,Thy best steakhouse in Manhattan,Thy best steakhouse in Manhattan for the zurita family! Great service and great food! When in NYC stop by Hell’s Kitchen #1 steakhouse KRICO-(how delicious)
"November 12, 2019",50,Best yucca fries in town!,I have been couple times this restaurant and have to say they have the best yucca fries I ever had not talking about the oven baked potatoes! So delightful!
"November 8, 2019",50,AMAZING STEAKHOUSE,"Came here for a work party, completely blown away! I started with the octopus, so tender! For my main I had the ny strip, cooked to perfection. Thank you to Tommy the owner for explaining all the different cuts, what a great host. Highly recommend"
"November 7, 2019",50,Great meal!,We had a really excellent meal here for my husband’s 30th. The staff were really nice and spoilt us with a complimentary drink and a sparkler. The steak was amazing! The Wednesday post-theatre offer was reasonable.
"October 30, 2019",50,Family celebration!!,We had a family dinner celebration. Staff was friendly and professional. Food was amazing. Great steak house with Latin fusion. Highly recommended!!! Definitely will be back for more.
"October 27, 2019",50,Great spot wish I lived closer,"Once again, the meal was outstanding. We never visit NYC without having dinner here. More then prime steaks on the menu with a great selection. The staff was attentive & friendly. Hell's Kitchen hot spot!"
"October 26, 2019",50,Love this place,"Delicious food and atmosphere. The Hispanic dishes make this restaurant unique. The flavors really complement each other, very delicious. Would definitely come back again."
"October 26, 2019",50,Excellent!,"Love this place! Went for dinner with my husband the ambience was great, the staff super friendly and accommodating, the food was simply outstanding! Highly recommend this place and I’m looking forward visiting K Rica soon!!"
"October 26, 2019",50,Nice family dinner,"Really nice Steakhouse in Hell’s Kitchen, great service and fantastic food. This place has more of a modern feel to it than most other Steakhouses around the city."
"October 26, 2019",50,Best Latin restaurant!,"Went to k.rico about a month ago with family and friends to celebrate a graduation. We had a great time . Delicious food, positive atmosphere, helpful staff, and great service."
"October 26, 2019",50,Awesome celebaration!,"Whenever I have a hankering for the best experience to celebrate an occasion, I always gravitate to K Rico. They have the best steak in the city and recipes you can't get anywhere else. We were treated like royalty and family."
"October 25, 2019",50,Best steaks we’ve had in our lives!,Best steaks we’ve had in our lives! So good we ordered a 2nd round of steaks. Fantastic desserts and great service too
"October 25, 2019",50,Great night out,"From the Blood Orange Cosmo to the Arepas and any entree you choose you are sure to have an amazing experience at KRico, they will treat you like royalty from start to finish!"
"October 19, 2019",40,Excellent service,"Very pleasent service and excellent food, but somewhat expensive. The steak was perfect, served sizzling on a hot plate."
"October 14, 2019",50,Great place!,"This place is newer, modern table/seat setting, fancy server presentation, and unique appetizer and steak with great sauce! Really great social spot for group of friends or after work socializing!! Highly recommend!"
"October 14, 2019",50,Favorite place in Midtown,"Best place in midtown! From the vibe of the restaurant, the food, the service, the management, everything overall is exceptional at K Rico!"
"October 11, 2019",50,Great times all around!,"Great food, great drinks, great service. Went here for a reunion with friends and couldn’t have picked a better spot. Highly recommend."
"October 8, 2019",50,Mouth watering steak!!,Excellent steakhouse in the middle of hells kitchen. Staffs were very attentive and full knowledge of the menu. Listen to the specials of the day. Portions were big for the value. We’ll be back!
"October 8, 2019",50,"Outstanding experience - best steakhouse in midtown! Excellent service, food and atmosphere.","Excellent in every way. Food, service, atmosphere! A real gem in Hell’s Kitchen! Menu has wonderful variety - way beyond just the steaks, something for everyone."
"October 8, 2019",50,Amazing,Great service and food quality is incredible I recommend all the steaks are very good and the drinks are awesome it’s a great place to have dinner with family friends or even solo the vibes are always Welcoming and friendly.
"October 4, 2019",50,"Meat lovers, this place is for you","Very delicious pieces of meat, great service and good atmosphere. Special thanks to our waiter Benjamin who really took the time to guide us through the menu and to present us the different pieces of meat. We had a blast !"
"October 4, 2019",50,Excellent,"Found this place on trip advisor. It was really good, the food is excellent, the service was also excellent, special props to our waiter Benjamin who made sure we were perfectly attended. Would recommend to any meat lovers."
"October 3, 2019",50,Found this gem,"Quite by chance I found this gem of a steakhouse. I love the South American focus of the menu. Although a steakhouse, I loved the codfish. Sit in the al fresco area on the back."
"September 25, 2019",50,A good place for a good Steak,"We had the Thuesday Special, a Tomahawk Menue for two which cost 130 Dollar. It was great! Also the recommended Wine was fine. My doughter loved the Cheescake for Desert."
"September 11, 2019",50,Perfect steak house restaurant,"My first visit, but not my last. This restaurant had wonderful staff, excellent menu options, fair pricing, great food and desert. This is my go to restaurant for a nice environment and a way to relax with the perfect skirt steak."
"August 27, 2019",50,Awesome!,"This is my one of favorite restaurant in HK, every time I try something different from the menu and I know for sure I can’t go wrong because the food is exquisite so it is the wine selección and the pisco sour. Simply Awesome"
"August 21, 2019",50,The best steak,"Excellentservice outstanding food.Waitrer was excellent and very attentive, steak was prepared properly and was a very good quality cut of meat. Highly recommend empire steak House"
"August 21, 2019",50,Delicious steak,My husband and I had a great meal! The waiter was very knowledgeable and helpful with with advising us what to order to get the best experience.
"August 21, 2019",50,Great steakhouse in Hell’s Kitchen,"Work nearby - a great standby for a good steak in a comfortable and unpretentious environment. Chef-driven, good food, good wine list. Staff is always friendly and professional."
"August 19, 2019",50,Wonderful food and service,"We had a filet mignon and it was succulent! As welm as the sweet plantains. Be jamin, our server, was exceptional. He spoke many languages and can serve you in your language. He was very attentive and offered an amazing service!"
"August 15, 2019",50,Phenomenal steak & flare!,Cooked to perfection! The chef is phenomenal. He adds his own flare to each steak and dish created. Not your average or typical steakhouse. Everyone is welcoming and very nice. Great ambiance. Lovely patio as well!
"August 13, 2019",50,Amazing,Great Welcome. Amazing food full of flavor. Amazing service. Thank you to Chef John for his passion.
"July 28, 2019",50,Excellent steakhouse !,"Great place! The tomahawk is amazing if you decide to go, don’t miss out on this plate, plus the service is very good, always a good experience!"
"July 28, 2019",50,Best nyc steak.,Totally delightful. From ambiance to food the place has no shortcomings. Worth coming to any. The atmosphere is most comfortable
"July 14, 2019",50,Unbelievable Dining Experience,"Just finished. Such a great meal. Started with the best Pisco Sour I’ve ever had. Appetizer was ceviche, followed by a delicious ribeye. The sides were incredible as well. Service was spectacular throughout. Definitely need to try this place."
"July 12, 2019",50,Incredible experience,"Meat are espectacular, good wines, at a good price and with an outstanding service. I want to congratulate Javier for such a good service! Thanks!"
"July 10, 2019",50,Steakhouse,"Nice steakhouse, top Steaks 🥩 and the best waiter „Benjamin“ in town 👍we booked a table online over Tripadvicer, perfectly"
"July 3, 2019",50,Anniversary meal,"Great food and service, expensive but worth every penny, would definitely return if ever in nyc again"
"June 23, 2019",50,Happy,"Great staff and the food was amazing and it came out fast! Great drinks , good energy. Definitely going back"
"June 13, 2019",50,Excellent food and service,Excellent place to enjoy great food with first quality of service. I will come back for sure. Christian Tanno es un grandioso anfitrión.
"June 13, 2019",50,AMAZING!,"We went there to celebrate a friend's birthday and it was a wonderful experience since the moment we got in. Service was high quality, and the food was unquestionably delicious. I would definitely recommend and go back in another occasion. Don't miss out!"
"June 13, 2019",50,"Great Ambiance, Better Food!","I went there for a friend’s birthday & had a blast. The food was delicious. The best steaks in town. And cocktails too! Run, don’t walk there... 🤠 -Edgar Sandoval"
"June 13, 2019",50,Best steakhouse,"Excellent restaurant! Went there the other night with my mom and had the most amazing time. Exquisite food and high quality service! If you’re looking for a steak cooked to perfection, Krico is a must !"
"June 3, 2019",50,Dinner Experience!,"Good high quality food, exquisite service, Marco took great care of us, the co-owner was gracious and accommodating, and they allowed two of us who had a late lunch to split a steak. Quiet no rush perfect evening!"
"May 31, 2019",50,Great service AMAZING food,"Such a wonderful night with a group of girlfriends at this establishment. Wait staff was attentive, food and drinks were delicious and served in a timely manner. I would definitely recommend K-Rico and be coming back when I’m in NYC again. A+"
"May 30, 2019",50,Sister trip to NY,The food and service was amazing!! I personally ordered the the K Rico steak... perfectly seasoned. Thank you to Ricky and Javier
"May 26, 2019",50,Dinner,Must get the octopus for an appetizer and the steak presentation is super cool and informative ! There’s something there for everyone - this place is phenomenal .
"May 26, 2019",50,BEST steak I've ever had!,"Amazing food and unbelievable service. On top of the food and service, the ambience is incredible. Best restaurant in NYC!!"
"May 12, 2019",50,Great Steak,"The service was fantastic, the best we have experienced in NYC. The best steak of my life! Will visit again when back in New York."
"May 12, 2019",50,Open Up and Say... YUM!!,"Such an enjoyable fun place, I can’t wait to go back, they certainly have something special going on! Appetizers, entrees and staff all exceeded my expectations, again. I was so excited to wake up and eat my leftovers 🤩"
"May 4, 2019",50,New York trip,One of the best steaks we have ever ate! It was so worth the money! If you ever come to New York... ITS A MUST PLACE TO EAT!! You will NOT be disappointed! The service was always just as amazing! Highly recommend this place!!
"May 1, 2019",50,Best Steaks,"I have been here twice with friends/family. The food (ie steaks) is delicious, the service friendly (not snooty for a steak restaurant) and the overall ambiance is laid back (similar to any steak restaurant in Latin America)."
"April 22, 2019",50,Great steaks. Lovely restaurant.,"We visited this restaurant after reading the reviews on trip advisor. We were not disappointed. The service was excellent and our steaks, some of us had fillet, others had the New York sirloin, were superb. This restaurant is well worth a visit. Highly recommended."
"April 2, 2019",50,The great escape,The best steak in the world . I really enjoyed the tender flavor. I did not need any steak sauce. I cant wait to come back.
"March 17, 2019",50,Dinner,Great atmosphere and service The skirt steak is always great here The apps are really great Need rez the place fills up Have been here several times and will be back
"March 12, 2019",50,Excellent Service! The Owner and Manager are amazing.,"Mark and Lee greeted us at the door with such a friendly, funny demeanor and once we sat, the owner Tommy showed us our steak options. Impressive service and delicious menu. We loved it and hope to go back."
"March 11, 2019",50,Great food. Great service.,A pure delight. My wife and I plan on returning in the very near future. I would highly recommend this place.
"March 10, 2019",40,Exotic South American,"Wanted a break from steak so I ordered cod fish with coconut lime dressing, and strawberries and papaya. It was just right balance of sweetness. They have nice creme brûlée too."
"March 10, 2019",50,AMAZING,"I have been to K. Rico for brunch and dinner and both were AMAZING! Could not ask for anything more...great food, great service! You have to give this place a try, you will not be disappointed!"
"March 9, 2019",50,A must...,"Can't find a fault. Great food, great atmosphere, great staff, very professional with a touch of fun. Good for couples and family. Will be back in Summer to venture outside. See you soon!"
"March 8, 2019",50,First class,One of the best steaks we have ever had. The cuts of meat brought out on show for approval before being cooked. Whole dining experience was first class. Would certainly recommend
"March 8, 2019",50,Elie Kammo,Great spot nice love the steaks and especially the drink where on point not weak n not too strong just right shot out too the bartender who ever it is two thumbs up !!! Definitely will be back soon
"March 8, 2019",50,Yummy Large Steaks!!,"Delicious dinner to celebrate our engagement. Perfect setting, very friendly staff and welcomed us with a complimentary champagne for our special occasion! Thanks K Rico, very much appreciated and something we will remember for the rest of our lives 😊"
"March 8, 2019",50,Loved this place,Not only was the staff all smiling they were attentative to our every need. The food was exaeptional ! We enjoyed our entire visit .
"March 7, 2019",50,Amazing,"i don't usually give review to any restaurant but this one they deserve 5 stars, our waiter Clever was so nice all the time, respectful. the food was great for the price we pay we so happy to come back"
"March 7, 2019",50,Delicious!,"Fantastic service, ambiance, and food! I love the churrasco! Great selection of wine as well. Top quality at a very affordable price. 2 thumbs up and highly recommend."
"February 25, 2019",40,Perfect match between amazing staff and marvelous food!,"Totally recommend this place, perfect spot for a before-the-show-dinner. The staff is so so charming and know their stuff - great food that is. Please don’t miss out on this gem!"
"February 24, 2019",50,Whole Family Loved K Rico,"Celebrated a family milestone at K Rico. Wonderful food. We loved the appetizers - empanadas, arepas, mussels - and oh the steak and surf/turf!! Also terrific, friendly and attentive service. Thanks K Rico for memorable family meal."
"February 24, 2019",50,Amazing steaks !!!,Real quality meals. This place is relaxed yet elevated and has wonderful quality meats. The steaks are amazing and the sides are just as good. Make sure you go hungry to do it justice.
"February 16, 2019",50,Perfect evening,"The restaurant was excellent. We had quick and friendly service, the food was superb, and great wine list. Highly recommend this restaurant."
"February 4, 2019",50,Excellent Experience,"Truly a great night and will be back - the atmosphere, food and especially the service was terrific - did not disappoint."
"February 2, 2019",50,Amazing food!,"Visited from the UK, the food was amazing and great to get a 14oz fillet as most in the UK are 8oz. Waiteres extremely friendly and knowlegeble, will certainly be coming back here on our nexy visit to NYC."
"February 2, 2019",50,"Three words, blackened strip rare","I have been to this amazing spot many times but this visit was special. Blackened strip rare on the bone. This monster gets taken back to kitchen to be sliced perfectly. Throw in the sautéed quinoa side, The blood orange margarita complements this killer meal."
"February 1, 2019",50,Best steakhouse in New York,"The meat was delicious, very tasty and tender. And the portions are HUGE. Our waiter (Benjamin) was the best. Would definitely recommend !"
"January 28, 2019",50,Outstanding all round experience*****,"Came across this little treasure after a special night of getting engaged on the top of the Empire. Fantastic service, incredible food with nothing being too much trouble, not even my request for pepper sauce .... a highly recommended accompaniment to the Devine steak."
"January 19, 2019",50,Cannot rave enough...just wow!,"I cannot say enough wonderful things about this restaurant. The food, unreal! The service, impeccable! As a foodie who has eaten in all types of restaurants all over the world...I cannot wait to come back!"
"January 16, 2019",50,Amazing Food!,The selection of meats was amazing and the fish selections were also excellent. Service was wonderful and the setting was great for an evening with friends.
"January 16, 2019",50,Amazing food,Went with friends before a play. Got a full education on the types of steak. Amazing. Had the strip steak and it was fabulous. The celery salad and chopped salads were great. Bartender makes amazing drinks. Can’t wait to go back
"January 14, 2019",50,Wow!,One of best meals I remember in a long time. Service excellent. The grilled octopus is spectacular. Servings are huge and delicious.
"December 28, 2018",50,Great food and service,"Excellent steaks and apps, great service, same quality steaks as similar places at a slightly lower price."
"December 21, 2018",50,dinner,The skirt steak was great but I have to say that the appetizers were even better esp the cevice Great service and clean facilities The place filled up quickly I recommend rez
"December 20, 2018",50,Holiday party,"Best environment, service,and food is delicious! Everyone is very attentive and professional! I recommend for any great occasion!"
"December 17, 2018",50,Carnivore's Delight,"A fun and delicious Argentinian steak house in the Times Square area. Fabulous appetizers, sides, and drinks; great service; and a to-die-for selection of excellent steak cuts. Terrific for dates and for parties."
"December 11, 2018",50,Amazing,"This was my fourth time at K Rico, and everytime it gets better and better. My wife and i will be in the City next month again. We will be dinning their again."
"December 11, 2018",40,Expensive but good food.,First visit to USA and were recommended this restaurant. We were astonished at the prices. Probably most expensive meal we have ever had. That said food and service were excellent.
"December 6, 2018",50,Great service,"Great steak House and excellent service by patrick who was friendly and knowledgeable, just one word of warning avoid the bar next door"
"December 1, 2018",50,Great Steaks,"This is authentic Argentinian food with excellent service. If you are with a group, the mixed grill was a large variety of good dishes, enough for at least 3 people."
"December 1, 2018",50,Excellent,"Third time, no regret that's perfect place to have great meat. Thank you. Tres bon restaurant de viande. Allez y les yeux fermes."
"November 30, 2018",50,Evening meal,"Wow what a great find - lovely atmosphere and perfect food - great choice of steaks , great wine and fantastic desserts - staff are friendly and very attentive - highly recommended and the cheesecake is the best !!"
"November 22, 2018",10,Lost faith in tripadvisor,Worst meal ever. Can't understand what other reviewers have seen here. All dishes were below average. First second and dessert. NY has a lot of great restaurants. This is not one of them. Over priced.Under standard. Don't go!
"November 17, 2018",50,Another KO at K Rico!!,"Another amazing evening with friends at K rico, menu options are plentiful, but don’t miss out on the Steaks, portions are always amazing and delicious, with a great wine list to match the food!!"
"November 11, 2018",50,Xmas dinner with little bro,"Excelent service, exquisite tomahawk, great coctails. Try the bacon soup. A must if you are in New York."
"November 11, 2018",50,Marvelous supper with steak @honeymoon,"Thanks to K Rico for a marvelous supper with steak. The wine and meat were fantastic. The chief from Ukraine is a good guy, he surprised us with a dessert for our special honeymoon evening in NY"
"November 9, 2018",50,Best Steakhouse in NYC,I loved the place. The service is excellent and the food is unbeatable. Delicious cocktails. We were celebrating my bf birthday and they made it even more especial. I really recommend this place.
"September 21, 2018",50,Sensational,We chose this to be the place for my 40th birthday dinner. And the place did not let us down! The dry aged New York strip from their specials menu was awesome and also the service was top notch. Truly an evening to remember.
"September 14, 2018",40,Great steaks,"Wanted great steaks, got exactly that! Waiter was funny and very spontaneous, was a pleasure to be seated there. Setting is also nice. A tad too expensive for what it's worth, but overall a good experience."
"September 8, 2018",50,Excellent food,"We were for a weekend in NY, looking for a good food experience, this ribeye and NY strip -bourbon- was super. Service and scene was top Notch, would recommend to anyone!"
"September 7, 2018",40,Great dinner,The meat experience was memorable and we can recommend everything. We had a family dinner and we were all very surprised that it was so good.
"September 1, 2018",50,Best Service in NYC,Fabulous food and service - thanks Patrick! Fantastic waiter who was so informative and went out of his way to make our dining experience truly memorable on our visit all the way from NZ
"August 27, 2018",50,Great service & Steaks,"We ordered the Ribeye & Filet Mignon both were cooked & presented beautifully. Couldn't fault the service 1st class, we sat outside which on a lovely warm NY night."
"August 14, 2018",50,Tomahawk Tuesday worked for us,"Booked a table for two after reading online reviews, and then shared a magnificently cooked Tomahawk ribeye steak. The wine by the glass was both excellent and affordable but the highlight ...? The freshly grated horseradish - do not go without it!"
"August 11, 2018",50,Best steak house in Manhattan,I have experienced almost every steak house in Manhattan and this place is by far the best. They age there own beef and butcher it as well. It helps that one of the owners is the Chef. He is very talented.
"August 8, 2018",50,Highlight of our stay,"I went there with some classmates for our last dinner as students. Best choice ever!! Food was delicious, meat was perfectly grilled and the staff was amazing! Definitely recommended!"
"August 6, 2018",50,The place to go for T bone steaks,"South American owned restaurant.... good choice in steaks, all sizes, Delicious... good service too."
"August 6, 2018",50,K Rico,Wonderful service and outstanding food! Would definitely go back. The pre fix theatre price is a great deal.
"August 3, 2018",50,Special Night,I went with my date and the bartender was espectacular! Her name was Z and she was absolutely the best bartender I have ever had. For any occasion always ask for her!
"August 2, 2018",50,Amazing,An affordable amazing food-experience. Try the house special Rico steak! Very friendly staff and the owner takes good care of you. Absolutely worth the trip. 5/5
"July 29, 2018",50,Best steak ever,Hands down the best steak my son and I have ever eaten and we love our steak! Salt pepper and a little rosemary all on an iron skillet. Get the cauliflower mash. It's incredible.
"July 22, 2018",50,One of the best steaks I’ve ever had,"We visited K Rico based on the reviews on TripAdvisor and we weren’t disappointed. The steak was FANTASTIC, cooked perfectly. Tasty sides and friendly efficient staff. What’s not to love"
"July 21, 2018",50,K Rico,Enjpyed a wonderful evening at K Rico. We were especially impressed with the waiter Adam. He was especially attentive and the service was fabulous. I would give him 5 stars!
"July 13, 2018",50,Excellent steaks and great service!,"Enjoyed a evening with my wife and K Rico did not disappoint. We sat outside on the patio, and some steaks and red wine, the menu was loaded with many food options and the wine to back it up, we will be back."
"July 12, 2018",50,Oh my.,"K Rico doesnt disappoint. The staff was superb, the steaks was superb. If you are in New York you need to visit this place!"
"July 12, 2018",50,You must dine here,I've had dinner here plenty of times and I'm never disappointed. The empanadas and ceviche are to die for. Also you must try the filet mignon is amazing. Service is on point and prompt. Love this place.
"July 12, 2018",50,Fabulous Steaks Attentive Service,One week in NYC visited twice.....the fabulous steaks and attentive service was not the only reason to return. Great decor and atmosphere but great sides too. The most perfectly cooked plantain ever.
"July 7, 2018",50,Nice Staff and Great Food,This was a really nice restaurant. I had that guacamole trio as an appetizer and really enjoyed the different flavors of guacamole. The steak was also top notch.
"July 3, 2018",50,Fantastic restaurant,Probably the best steak I’ve ever had. Great chips too. Service was good and all the staff were friendly.
"July 3, 2018",50,Amazing,"Had the ""on the bone sirloin steak"" and it was probably one of the best steaks I've ever had. I sat at the bar and the bartender was extremely helpful and attentive. Recommended a phenomenal Malbec that paired perfectly with the wine. Would highly recommend!"
"July 1, 2018",50,Amazing Brunch! Great service!,"I wanted to try a new brunch place for Pride and I was NOT disappointed! The bottomless brunch was incredible, as they would refill our margaritas non stop!!! Everyone on the staff was great, and our host was a delight from the start. Highly recommend!"
"June 30, 2018",50,Loved this place,We were a group of 10. Service was good. Food was excellent. Definitely recommend this restaurant!!!
"June 28, 2018",40,My best dinner in NYC,I was there for dinner with my girlfriend and our childs. The meat was really fantastic and the desserts too. Absolutely raccomanded.
"June 27, 2018",50,Excellent,"Excellent service. The food was great. I recommend it to friends, family and co-workers. Hopefully the construction in the front end soon."
"June 27, 2018",50,Perfect,Very good service ande fantastic meat. Ve had a very good time and visited twice the same week. Best meat our daughter ever eaten she says.
"June 26, 2018",50,Must go!!,Excellent steaks!!! Great staff!! I would definitely go back again!!! Everything was great!!! Great reastaurant!!! Worth of money!!!
"June 26, 2018",50,top restaurant,"Very nice and good restaurant. nice frame, friendly, effective but discreet waiters. The better food experience we had in NYC"
"June 26, 2018",50,Best steak of New York,I was on a holiday with friends in NY. This was one of the best moments of my holiday !!! Next time in New York ... first dinner is there !!!
"June 26, 2018",50,Best meal in NY,Had the 65oz steak to share ant it was perfect. Our waiter was fantastic and the whole set up spot on.
"June 26, 2018",50,Excellent Steaks and Seafood,We dined here before going to the theater last week and were very pleased with our meals. The petite filet was done to perfection and both the Salmon and the Corvina were excellent! We highly recommend K Rico for dinner!!
"June 20, 2018",40,"Nice, but nothing so special","Nice and relaxing garden at the backside, we had a nice brunch with reasonable taste, its worthed to try"
"June 18, 2018",50,Awesome place,"Loved the food and the place, the service is excellent, the meat and drinks are perfect, great place in NYC"
"June 17, 2018",50,Well Deserved Reviews,This steakhouse truly defines a South American experience of meat and fire! The tomahawk steak we ordered was flavorful and delicious. We devoured it with a baked potato and Brussel Sprouts. The appetizers were all served and presented wonderfully!
"June 14, 2018",50,Wonderful Experience,"I concur with the positive reviews about the establishment. From the decor to the smallest menu items, everything was superb. Best to order many different items and encourage your group to share as you will want to sample everything on the menu."
"June 13, 2018",50,Awesome steaks,Had an incredible filet and ribeye. The steamed veggies were great and the smashed sweet potatoes were amazing. The service was wonderful and prompt. Will eat here again. Good job Joshua-our server
"June 12, 2018",50,best,the best Great atmosphere and really friendly informative staff. They explained and showed the steaks before you choose so you know what you are getting
"June 10, 2018",50,The most amazing steak,The service was great. The food simply superb. They explained all the steaks in detail which just got bigger and bigger. The cocktails were excellent. Cannot recommend this place enough.
"June 5, 2018",40,Very nice brunch at K Rico,We were looking for a restaurant to have brunch before a Broadway show and wanted to go somewhere that took reservations. We were seated promptly and enjoyed our brunch without being rushed out. I would recommend it.
"June 1, 2018",50,Absolutely wonderful!,"The service was fantastic, the best we have experienced in NYC. The best steak of my life! Strongly recommend! Amazing!"
"May 26, 2018",50,Fantastic,"Had a lovely evening here. Good steak, great wine and fantastic attentive service. Expensive, but you get what you pay for. Will visit again when back in New York."
"May 25, 2018",50,Great steak,"We have been able to book a table a couple of hours before our visit. Quality of meat was very good (French fries have not been the best, but largely compensated by the meat). Service was nice, but not the quickest"
"May 12, 2018",50,Amazing food.,Fantastic place. Sat outside at the back in the courtyard. A bit chilli but the food and service was amazing.
"May 9, 2018",50,A Must!!!,Delicious fine dining in midtown! From the first plate to dessert ... amazing!!! Very knowledgeable staff and impeccable service! Great wines and food was outstanding!!!
"May 9, 2018",50,Excellent steak!,"This place served one of the best steaks i have ever eaten! I highly recommend, if you’re in NYC give it a try, only a short walk from time square. (We went for the 52oz porterhouse for 2, simply excellent!)"
"May 1, 2018",50,Best steak in town,The staff was very kind and the steaks were just gorgeous. I liked the shrimp cocktail too. I recommend that restaurant I everyone.
"April 19, 2018",50,"Great food, excellent friendly service",I had an exquisitely cooked steak and my wife had the Cod. AMAZING!! Followed it up with a delicious cheesecake. Combined with a great ambiance it’s a great place for a date.
"April 15, 2018",50,Amazing place!,You have to go here! Great menu and my boyfriend loved his steak. The staff were also really attentive. So glad we booked here. W0uld 100% go back!
"April 14, 2018",50,Brunch,Joshua helped us out and was amazing! Great service and generous drinks! The food was also great! Will be back next time I’m in nyc!
"April 12, 2018",50,Mr Stewart from uk,Had a great family meal was looked after by the owner John all night . Complimentary drinks after. Great food great service.
"April 8, 2018",50,"The food was brilliant, and Joshua was the best!!!","We had the best steak ever, but what made our evening was Joshua who created our experience with his superior knowledge of the steaks, his humour, and his beautiful heart!"
"April 8, 2018",50,Fantastic Latin Brunch,"Beautiful restaurant, attentive service, delicious food. Try the arepas appetizer! Eggs were perfectly done."
"April 6, 2018",50,Delicious steak,Steaks and sides were very tasty. Portions are quite big. Pricelevel was decent and service was good.
"April 4, 2018",50,Dinner,"one of the best restaurants I've ever been to! just amazing! I chose the filet mignon, simply perfect. the service is first class. very friendly and courteous. many thanks"
"March 28, 2018",50,Perfect!,"Great steaks in cosy and relaxed surroundings. Friendly staff, fair prices, visual introduction to the different steak types, just perfect!"
"March 22, 2018",50,"Amazing food, great service!","Amazing restaurant, great food, charming ambiance and top notch service.(Adam was great) Located in popular Hell’s Kitchen near time square and theatre district. Will definitely be back again!"
"March 17, 2018",50,Outstanding,One of the best steak house I ever visit. Great service and top quality of food. I will definitely visit this restaurant again!
"March 17, 2018",50,"Great food, drinks and bar fun!!!",I’ve come many times and usually sit at the bar with friends. The cocktails are great...try the blood orange cosmo! Good food with great service. Gigi always takes care of us and Chef John makes fabulous food.
"March 13, 2018",50,Great steak and service,We had dinner after our show and were planning on a prix fixes dinner but saw the amazing steaks on the way in. We got most expert advice and really outstanding service. We can only strongly recommend it!
"March 10, 2018",50,Fantastic steaks,"First visit for us and loved the restaurant, really good staff and steaks were delicious. Great location and great price."
"March 8, 2018",50,Dressed to Impress,Once again the K Rico delivered when it comes to an impressive atmosphere and even better cuisine when you need to entertain for business! You just can’t wrong here for a reliable place to deliver the ambience and food to enhance business relationships!
"March 3, 2018",50,Birthday meal,"Had a wonderful dinner at this restaurant. The food was great, the staff very attentive and even got a surprise Birthday cake at the end of the meal!"
"February 26, 2018",50,Fantastic brunch,"Great menu selection. Excellent food. Service was perfect, attentive and friendly. Good value, would definitely visit again and highly recommend."
"February 24, 2018",50,The best you can get,Fantastic service the food was excellent. I would recommend k rico to any one that is a meat lover. I would love to thank the amazing and humble chef. This is the best food in NYC.
"February 21, 2018",50,Steak house,Absolutely delicious best steak that I’ve had in a long time. Staff were great very helpful and the atmosphere was nice.
"February 18, 2018",50,Excellent !,Very good restaurant with good product and nice people. Be careful the size of meat is enormous... but so good
"February 17, 2018",50,Excellent,"Excellent dinner and drinks, slight hiccup on one of the dishes but was quickly rerectified. Fantastic steaks all round and the best ribeye I’ve had. Highly recommend."
"February 7, 2018",40,Best ever,Truly number 1 steakhouse in NY. Food was very delicious with a nice ambiance. Me and my colleague enjoyed our food with a refreshing drink. Well done K rico!!!
"February 6, 2018",50,100% recommended,Excellent food and service. Owner came to the table was friendly and genuine. 10/10 would recommend.
"February 2, 2018",50,Life's best steak I ever had,"I've visit alone, but the bartender&server made me feel 'Not alone'. Best serviece i've ever had & best fillet mignon in my life Thxu"
"January 26, 2018",50,Great service,This place really has great service and great food....one of my favorite spots to go to for dinner. Highly recommended
"January 25, 2018",50,Steakhouse bueno,My niece and i enjoyed mussels and our entrees - steak and pork. Gigi and Javier crushed it. Dessert was great too! Xoxo
"January 11, 2018",50,Excellent food and superior service,"We had an amazing meal at K Rico that included roasted oysters, grilled octopus and skirt steak. Everything was cooked perfectly and it was quiet and cozy. Can’t wait to go again"
"January 9, 2018",10,Not worth it,Manager has issues with costumer service. Brunch at 3.30 pm on a Saturday wasn't a big deal. Nice ambience and a friendly waiter. That's about it.
"January 1, 2018",50,Tomahawk steak,The best steak I have ever had The Tomahawk steak were so big you could feed three people with one. We had the grilled octopus which was so tender and tasty
"December 31, 2017",50,Phenomenal meal,The best steak I have ever had! The owner and chef came out and spoke to us during the meal which was lovely. A genuine NYC highlight for me in our 6 night visit from Scotland
"December 30, 2017",50,Amazing,"The porterhouse was incredible. The service and atmosphere were also very good. Not cheap, but worth every penny."
"December 28, 2017",50,Great mussels (appetizer)And the filet was amazing!!,Loved the sauce on the mussels-truly amazing!! And the filet was done PERFECTLY (at least for me who thinks “medium-rare” is the ONLY way to have a good piece of beef)
"December 24, 2017",50,Amazing. Best Steaks ever,"Perfect service, perfect food, perfect location... We had steaks and fish and it was amazing. It’s like god put his hand in to your mouth. We highly recommend it."
"December 23, 2017",50,Fabulous flavour steak K Rico,Thé Fabulous taste steak part New York City Sócrates Durães Nice Oyster claims delicius Empanadas The Top
"December 22, 2017",50,Exalent food great atmosphire,"One of the best rib-eye i have ever had! Great place, fantastic atmosphire, great service!! The best value for money in new york Well recomended"
"December 21, 2017",50,Fred Flintsone Aged Steaks!,Well you sure do get a choice of steaks all USDA Prime. If you love steak then eat here. Though the steaks were great the red sangria knocked my socks off. It was amazing!
"December 20, 2017",40,You Won't Leave Hungry,The service was good and the steak portions were large. The steak was cooked nicely and the salad was tasty. Good size shrimp on the shrimp cocktail. Tables are very close together but the noise level was not unbearable.
"December 10, 2017",50,Very special !,"Small and familiar space (book in advance), very good service, nice latin music, and excellent food... a “latino” cuisine with very special meats... very good place"
"December 6, 2017",50,BEST STEAKHOUSE IN NYC,Highly recommended to anyone who is looking for simply the BEST cuts of STEAK in NYC along with a great wine selection. Amazing atmosphere and service!
"December 6, 2017",50,Great Food!,What a perfect way to end a long day in New York. Great food with a wonderful atmosphere. Highly recommended!
"December 1, 2017",50,Great food with EXCELLENT ambience,"While staying in NYC for a conference, we were fortunate enough to find this little hot spot and had a late night dinner. The food was GREAT and our server was fantastic! If you are in the area, I would highly recommend it!"
"November 26, 2017",40,Bruch. So good.,Made reservations strictly on Trip Advisor reviews. The service was fantastic. Bloody Mary’s - spicy! Guacamole trio - amazing. Homemade butter for French toast - delicious. Steak and eggs - so good.
"November 26, 2017",50,Great steak! Outstanding appetizers,Enjoyed a great dinner at K Rico. Service was impeccable. The food outstanding. Would definitely go back to try another dish. Had the octopus and cerviche and a sirloin for dinner. Cooked just right. Thanks for a wonderful dining experience.
"November 24, 2017",40,Nice dinner!,This restaurant serves very delicious meats and Latino dishes. The service was great and the flavors delicious. We recommend it.
"November 16, 2017",50,Perfection,"I have eaten at many steak houses in. Y travels. K Rico has by far the most perfect New York strip ever. Compliments to the chef, top rating in my book"
"November 13, 2017",50,Evening Meal,"What a cracking experience Superb and quick on line booming process, fantastic greeting on entering tje restuarant. Waiters dressed smart excellent service. Food was sublime hot and extremely pleasing to the eye and the taste buds. We will return again"
"November 7, 2017",50,Amazing steak,We had an amazing dinner at K Rico. Amazing steak (on an extemely hot plate!) with very nice chimichury sauce. Would sure come back here. Prices are very good aswell.
"November 5, 2017",50,Very nice ambiance with excellent food!,When you book ask for a table away from the front door....the food is unique in presentation and overall excellent...well priced for the amazing quality! I will go back again...
"November 3, 2017",50,3G restaurant,Great steak. Great service. Great price. Also comparison to other steak house. I like this is the best
"October 28, 2017",30,"K Rico, New York","Unlike the majority of highly enthusiastic reviewers I have criticism. Yes, it is a very pleasant place, cheerful and boisterous. Service is friendly. However, for a truly expensive South American steakhouse I found the meat very disappoining: tough and not especially tasty."
"October 27, 2017",50,Awesome spot!!,Definitely recommend this place! Awesome service.. location is great.. food is amazing and ask for Andrew!! Hands down best server ever. Thank you Andrew service was exceptional!
"October 24, 2017",50,Fantastic meal for last night in NYC,"Fantastic end to holiday. Steaks were cooked perfectly, which was great given the size of them; they were HUGE! Joshua was a fantastic waiter‬ and very friendly. Made us feel very welcome. Wholeheartedly recommend and will return when in New York again."
"October 22, 2017",50,Amazing Flavor and Service,"Flawless service! Great cocktails too. Appetizers and entrees were delicious. We ordered the parrillada, octopus, empanadas, beat salad. Will definitely come back. It was the best meat on out trip."
"October 17, 2017",50,Fantastic! Best steak and service!,Everything was wonderful. The menu was amazing- going back to order what others in my party had and raved about.
"October 12, 2017",50,Fabulous,"We came here for a meal before a show on Broadway. Dining here is an experience not a meal. Excellent service, excellent steaks and great wine. I don't really need to say much more!"
"October 4, 2017",50,The place to be,Best service in town .. good teamwork .. great atmosphere .. high class steaks .. very good location .. fair prices .. i liked it .. definitely 5 stars !
"October 2, 2017",40,4 and one half stars for us .,"The restaurant is quite expensive but the food quality and service is first class . The only downside for us, as a couple with European sized appetites, is that they didn't handle shared dishes as well as many other restaurants we used ."
"September 2, 2017",50,Viva K Rico!,"Great restaurant with unique touch. Food was delicious. Great plate presentation, wonderful plates. The ambience of the restaurant was wonderful. This restaurant is a must for lovers of good taste. Viva K Rico!"
"July 26, 2017",40,Really good steaks - but slightly overpriced,"The steak was really good, but not perfect. I've had better steaks for half the price in the US. Still, the staff was extremely friendly, so it was a nice experience."
"July 23, 2017",50,Best steak ever,"We loved this restaurant. The steaks were beautiful, melt in mouth and cooked to perfection. The atmosphere and cocktails were also great, highly recommended."
"July 27, 2017",50,One of the best steaks ever!,"Unbelievable steak and great service! Special thanks to Joshua, who took good care of us and ensured we had a lovely evening :)More"
"July 26, 2017",40,Really good steaks - but slightly overpriced,"The steak was really good, but not perfect. I've had better steaks for half the price in the US. Still, the staff was extremely friendly, so it was a nice experience."
"July 25, 2017",50,Dinner in New York,Orgasmic!!!!!!! By far this is the best dinner!!!!! There are no words to describe the best of the best! The service was excellent! Every bite set my taste buds on fire- exhilarating-titillating-and beyond!! We ordered thee chopped salad and porter house with the cauliflower potatoe mash and sweet potatoe mash---ended with the tres leches. We got to hug the head chef! The wait staff was friendly and blessed us with a gift!  If you don't try this place you won't know the definition of amazing!!!! Thank you K Rico Aloha and Mahal nui loa!
"July 23, 2017",50,Best steak ever,"We loved this restaurant. The steaks were beautiful, melt in mouth and cooked to perfection. The atmosphere and cocktails were also great, highly recommended."
"July 23, 2017",50,Best SteakHouse in NYC,Went there the other night with five of my friends. The food and service was amazing. Highly reccomened!
"July 23, 2017",50,get your carnivore fix,"We shared three dishes (see below). All were excellent, the service was fabulous and the music made the ambiance wonderful."
"July 21, 2017",50,Delicious,Absolutely appetizing. Would definitely come again. Filet Mignon was absolutely wonderful...I finished the whole steak.
"July 21, 2017",50,Awesome!,"Highly recommend this place. The staff is incredibly attentive and the food is delicious! We shared a bunch of appetizers (guacs, empanadas, arepas, & grilled octopus) and for dinner I had the filet mignon. The grilled octopus was out of this world and the filet was cooked perfectly! The seasoning on the filet was delightful, you could SMELL the rosemary. Their blood orange cosmo was the perfect starter! If your in the city and looking for a place to go, K Rico is definitely a go to!"
"July 21, 2017",50,Sexy steak!,I got the skirt steak and it was delicious! Get the cauliflower mash it is smooth and fabulous!! Service was incredible and the owners are so friendly!
"July 21, 2017",50,Best steakhouse,"Excellent food and such amazing service! Cute environment!!! Best steakhouse in NYC, loved everything about this definitely will come back!"
"July 14, 2017",50,Best steak in NYC!!,"Had mussels appetizer and skirt steak, both were amazing! Great service and atmosphere! Will definitely be back!"
"July 14, 2017",50,Welcoming and great food,"Lovely friendly staff who really looked after us, and the steak was fantastic and beautifully cooked."
"June 26, 2017",50,Special place!,Came for my 55th birthday dinner with my sister and my daughter. Service was great and the food was better. Really stellar all the way around. Would love to come back!
"June 3, 2017",50,Family night out,Such and amazing place to visit. The bartender Diego is hands down one of the best in the city. Such precision. Very informative. But let's not forget the steaks. 😍😍😍😍 I'll be back!!
"May 6, 2017",50,excellent south american steakhouse in new york city.,my friend and i had a great lunch at k rico. the food was flavorful and cooked just right. the service was outstanding. i will recommend going back again to k rico.
"April 27, 2017",50,Dinner with Ruth,"Superb meal, the steak was excellent. The service very friendly and efficient and the ambience good."
"April 26, 2017",50,Great food,"Lovely restaurant with great food,good location and very helpful staff.At the back is a small outside area which was hot and sunny for lunch outside"
"April 11, 2017",40,Good Meat,"Really good meat, very attentive personnel. A bit pricey, which is common for New York. Overall good experience, recommendable!"
"April 2, 2017",40,With Lily &Courtney,"Nice atmosphere. Great Margarita (s) wonderful Corn cakes, great steaks good choice if wines well worth a visit"
"April 1, 2017",50,"Delicious, enjoyable, great service",Small Hell's Kitchen restaurant serving the Chef's selection of South American specialties with a strong focus on Prime wet and dry aged beef. Really delicious. Will return next visit to NYC.
"March 28, 2017",50,Best steak ever!,"Best steak I have ever had! Great service and atmosphere, would definitely recommend, cheesecake was yummy too!"
"March 19, 2017",50,Daughters 21st,Excellent service!!! Filet mignon perfection!!! I loved the pre-dinner talk given by the charming chef/owner about the merits of beef.
"March 13, 2017",50,Brunch,Loved the brunch here. It has more than traditional options. Ambiance was nice too. Planning to go back to try the steak. Highly recommended.
"March 11, 2017",50,Brunch,Amazing Brunch. Excellent drinks. Food and staff are off the charts. And the atmosphere is special. Highly recommend. 👍👍👍👍👍
"January 14, 2017",50,Had a GREAT dinner here last night. THANK YOU,I had the steak here and loved it. Very good. I'll be coming back next time I visit NYC for business.
"December 30, 2016",50,Best steak!,"Headed to K Rico tonight before heading to see a Broadway Show, had the filetito and my husband had the New York strip steak. Amazing! The steaks were cooked to perfection and the sides were amazing. Thank you"
"November 27, 2016",40,Make sure you are hungry!,"Very good food in a relaxed, slow pace. HUGE portions - a 62 oz steak? Look out for the charges for water - $10 a bottle is a bit steep in my opinion."
"November 4, 2016",50,Great Food,Had dinner with two friends. Staff was extremely attentive and the food was great. Definitely going back for the tomahawk steak
"October 27, 2016",40,Lovely Steak worth a visit,This restaurant is well worth a visit if you like your steak. Cooked to perfection with great service from all the staff.
"October 22, 2016",50,Fab food and service!!!,"Lovely atmosphere, good selection on the menu, service from our waiter was perfect, he advised on foods and explained different ingredients and how food was cooked. Wine was fab and not over priced, you really can't go wrong with a meal here!!"
"October 19, 2016",40,Price is right for quality,"Had a filet which was very tasty. Waiter seemed new and did not want to halt conversation to take orders, etc. Fair wine selection, and ok location, as it was about a 6 block walk from times square."
"October 12, 2016",50,The best stake house in nyc!!,"K Rico is a simple and delicious south American restaurant. We shared a stake, a salad and a side dish. It was more than enough. The service was very good.. Will definitely be back!!"
"October 8, 2016",50,Fabulous Service and Food,"Delicous Otopus appetizer, soupa and skirt steak!! Our waiter Luis was the absolute best; friendly, fun, professional and so very attentive. A must try."
"October 5, 2016",40,Outstanding Tomahawk,"Nice place, good atmosphere, excellent tomahawk beef, efficient. We got served and taken care of by Louis who did an excellent job together with the other members of the staff"
"September 26, 2016",40,Steaks,"Seasoned, tender steaks and mixed grill. Attentive wait staff....This was our first visit this past Saturday evening.... Charming venue"
"September 1, 2016",50,South American T-bone,"Just come in and appreciate the South American mood of the place ! And then try the big piece of meat, awesome. I will come back, gracias"
"July 18, 2016",40,Good place to eat.,"I was not impress. However, the restaurant does deliver an ok piece of meat. In my view, I am fully aware this is New York but the service was not up to par and the food was not top quality."
"July 7, 2016",40,Pre-Theater,Terrific pre-theater menu. $36 for three courses. You must show theater tickets for that night and ask because it is not in the menu.
"June 3, 2016",50,Awesome!!,"Everything was great- from the good service to dessert. Had a ceviche that was to die for, followed by cheese fundu and then a ""parillada de carne"" or a Meat fest. Will return again"
"May 23, 2016",50,Steaks are Great,Dined here after attending a Broadway show. We throughly enjoyed our meals and would return again. Steaks were done perfect.
"April 16, 2016",50,Amazing!!!,"I am in culinary heaven!! Amazing from start to finish. Filet Mignon melts in your mouth, Cod incredibility refreshing. Did I mention the dessert? The chocolate mousse and cheese cake were incredible. Thank you Alejandro for the wonderful service!"
"April 12, 2016",50,Must visit for food and drinks,"Great restaurant, food and cocktails are top shelf and service was amazing. Had lunch with colleagues and can't wait to go back!!"
