25 September 2020,50,Couple,Found this place by chance. What a find. Food top notch rib eye cooked to perfection. Empanadas very nice. Service very good have no hesitation in recommending this place
8 March 2020,50,Best Steak Restaurant in London ... believe me!,"The steak here is absolutely superb. I’ve never had a poor meal in a dozen visits and this was no exception. Any size, cooked to perfection ..."
20 February 2020,40,Not as good as last time,Been here a couple of times. Unfortunately the second time wasn’t as good. I ordered surf and turf the steak was gorgeous but they missed off my prawns which I reminded them of. By the time the prawns arrived I was nearly finished my meal.
10 February 2020,50,Very nice steak,Very nice steak with attentive and friendly service. Slightly pricey but this is Central London. The taster with an aperitif is a nice touch.
28 November 2019,50,The food is amazing,Unfortunately I did not try the steak but that what we had was all very very very good! Next time I'll try the steak as I saw it on some other tables and it looked incredible good.
27 November 2019,50,Team dinner,"Good quality foods, from starters to desserts and for me one of the best Steak! Delicioso 😋 fun night"
27 September 2019,50,Great lunch,"Dropped in by chance and enjoyed a lovely lunch from the specials menu. Great steak, lovely glass of wine. Highly recommend."
12 April 2019,50,Excellent steak house,Had an evening meal with my son here this week and both of us agreed what a great place with fabulous food and excellent service. Will return.
4 April 2019,50,Great place,I had a nice dinner with my family at thi place. The steaks were excellent the staff was friendly and polite. The bathrooms were clean and everything was on point.
14 March 2019,50,Dinner for 4,"Excellent burger and beef! Lovely staff and atmosphere! Very helpfull! Delicious wine, we ordered red and white! Laborum white and mad bord red. Amazing!! Aboslutly worth a visit!"
24 February 2019,50,Fantastic,I dined with my wife in this Argentinian restaurant on Valentine's day. The empanadas and the meat were very good. We combined the dinner with 2 glasses of a very good Argentinian wine.
6 January 2019,30,Great food let down by miserable service,The steak here was lovely but the service left a lot to be desired. It felt like we where most unwelcome and there was no interaction or pleasantness.
9 December 2018,50,Great steak in a friendly atmosphere,"Stumbled across this restaurant and were glad we did. Really excellent steaks and some great wines to pair them with. Not cheap, but really great quality. Very friendly and helpful staff who made it a very enjoyable evening."
9 December 2018,40,Excellent food,"Found this restaurant using Tripadvisor reviews. It didn't disappoint. Excellent food and great customer service. As others have said, not cheap but the steaks were worth the cost. Highly recommended."
19 November 2018,40,Really good food but not cheap,This was my first time in this restaurant it is easy to find and whilst small offers really good food however it is small unlike the bills
11 November 2018,50,Exceeded expectations,Booked on line and arrived to find a very welcoming restaurant. Staff were very friendly Ordered a starter to share and the Lomo steaks Cooked exactly as ordered and they were top quality. Well worth the money and will be back.
30 October 2018,50,Incredible streaks,Excellent outstanding food. Steaks were cooked perfectly and starters were excellent and tasty. we will back again
29 September 2018,50,Really excellent food and service,The service was perfect - friendly and attentive but not over the top. The food was excellent. I had the steak tartare and it was pretty much perfect. Then had a ribeye steak and it was cooked perfectly to my taste. Really recommended!
8 September 2018,50,Great beef,We had the ribeye and rump and they were excellent! Succulent and tasty. Service was attentive. Starter was a nice touch. Relaxed atmosphere.
3 September 2018,50,Excellent,First time here .What I missed . The meat is incredible and the service also. I will come back for sure
1 September 2018,50,Birthday!,Very good food. Great attention from staff specially from Alejandro. I recommend the restaurant although the service charge is excessive for a table of 3 people.
1 September 2018,50,Amazing churrasco,"I really love this restaurant, the staff is friendly and professional. I had empanadas as start, they were awesome! The cuadril churrasco was perfect! Absolutely a place where came back!"
26 August 2018,50,Lovely stuff,Good food and event better staff. Alejandro provided the best experience and we'll come back when nearby.
19 August 2018,50,Very good Food,"Lovely food, nicely presented and great taste. The waiter Alejandro helped us a lot with the buggy’s to carry the down the stairs and could give us great advice wich wines to taste. We were very happy with the service."
31 July 2018,50,Back again!!,"Celebrating success with friends.where else to have a treat? Steak tasting better than before! Tried the Cuarteto mayor, perfectly cooked and had a taste of all the cuts"
22 July 2018,50,Great tasting Steak and Nice Atmosphere,It was a very nice surprise to find a location with a great steak. Got the ribeye and it was very good. Staff was very friendly and helpful.
19 July 2018,40,Great steak,Great steak perfectly cooked very tasty deserts were perfect as well Just a bit on the expensive side with all the extras
17 July 2018,50,"Outstanding, mouthwatering steak!!! What a little gem of a restaurant!","Friendly staff, wonderful steaks and a very nice wine list. A perfect dinner for two! The amuse bouche at the start was wonderful, as was a delightfully spicy sausage with chimicurri."
11 July 2018,50,Argentina in London,"The best meet, brilliant service, so tasty and serve after 22:00 ! Don’t miss the homemade Empanadas."
12 May 2018,50,Great cuts of meat,The ribeye was nicely marbled and very tastly. The service was excellent - not overly intrusive. The restaurant was a small cozy affair.
5 May 2018,50,Amazing,"Delicious steak, cooked to perfection. Absolutely cannot fault this place, quite expensive but worth every penny"
21 April 2018,50,"Great food, great service, really nice people","On route to the Adelphi theatre, we booked a family meal at this wonderful family restaurant- superb food, really comfortable and prompt service and really nice people - who were very pleased to be making your meal very enjoyable, thank you - highly recommended!"
20 March 2018,50,Great service and food,Lovely food. The steak is amazing. Service was just right. Our waiter Razu was very attentive. Thanks
17 March 2018,50,Best beef in London?,Probably one of the best south american beef restaurantas I ever visited. Excelent food and service troughout the whole of our visit. Mostly recommended.
15 March 2018,50,Wonderful service and best steak in London,A wonderful birthday meal with mouth watering steak! Can highly recommend. Exceptional service and a big thanks to all staff especially Gabriel who made our meal very special. We will definitely visit again!🤗
28 February 2018,50,Excellent Steaks and excellent service,"We , party of two, just walked in without reservation. We cheese provoletto and rib eye steaks with vegetables and chips. The meat was cooked to perfection, unbelievable tender and juicy tasty! Excellent service ! Will go there again when I come back to London"
27 January 2018,50,Wow,"Absulutely excellent meat, we truly enjoyed both the food and the service. Extra plus for arranging (complementary) milk to our daughter!"
4 January 2018,50,Me,"What an absolutely fantastic restaurant. Lovely staff, great food and all served with a smile. I haven’t been to a better steak restaurant anywhere in the world. AND I travel a lot!"
30 December 2017,50,Amazing steak and excellent service,"Fantastic food and prompt and efficient service. Honestly I'm not a lover of meat, indeed I eat it very rare times, but yesteday my 'churrasco de cuadril' was excellent!"
9 December 2017,30,Cosy,Small Argentinian steakhouse with no signs of any Argentinians. Good welcome but draughty table as near door. Steak ok but I have had better. No sides included. Wine quite expensive.
5 December 2017,50,Probably the best steak ever!,"This nice cozy small restaurant ""hidden"" from all the crowds and people wich is perfect to pay a visitt on a saturday night. The steaks are just soo good and the service and hospitality from the staff was at a high high Level."
2 December 2017,50,Exellent...,"This is the best beef I have eaten...! Excellent service, the staff was superb. Little higher prices but it’s worth it. Small place with cozy and nice atmosphere. Not crowded."
2 December 2017,20,Not good,Been there just once but didn’t really like their food . The restaurant was almost empty . I ordered rib eye steak and it was not good to be honest it was so chewy . I won’t be going back again .
21 November 2017,40,Excellent choice!,Perfectly cooked premium quality meats directly from Argentina. Wide selection of red wines. Warm and friendly people.
18 November 2017,40,Amazing restaurant!,"Went here for my boyfriends birthday, amazing food, great service and can’t wait to visit again! Def recommend for any occasion!"
10 November 2017,50,Fantastic,Very unassuming restaurant with food that is delicious and service that is extremely friendly and professional. Had my steak medium and it’s one of the best I’ve had. Would definitely recommend.
2 November 2017,50,"Very satisfied, made our nigh out perfect.","Would higly recommend this fabolouse restaurant, they are truly a steakhouse expert. Best beef and service. Would visit again. Feels like we are heartly welcommed! We love it!"
24 October 2017,50,Very service,A great place just off of the Holborn strip. A nice starter for free. The atmosphere is very authentic. The staff are true. It’s worth the higher price of the meal to experience such a place.
11 October 2017,40,Wonderful Steak,Excellent steak and lovely service. Had three courses and a bottle of wine and all we're excellent. The lady serving us was pleasant and didn't rush us.
16 September 2017,50,Most Amazing Food,Great food and great service. The fillet steak was very good and easy to eat. The carpaccio was delicious. Most importantly you did not feel heavy afterwards.
3 September 2017,50,The place for steak,"This is definitely the place to go eat steak, the staff are friendly and very knowledgeable. The food is just yummy and cooked to perfection."
25 August 2017,50,Delicious,Loved the four cut option as now know which cut we like best. Absolutely delicious food and service great too.
24 July 2017,50,Lovely restaurant,"The food is really good ,and the service perfect . Good atmosphere and lovely staff :) dessert are amazing !"
19 July 2017,50,Excellent Argentine Steak and wine,Perfectly prepared and satisfied several very picky beef connoisseurs from EU and US. This is the beauty of trip advisor - would have never stopped in on my own!
15 July 2017,50,Amazing steak and great atmosphere,The steak was cooked to perfection and the atmosphere was just right for a couples meal. Definitely worth finding this restaurant.
6 July 2017,30,Nice place to go with friends to eat a nice steak.,Fun environment with friendly staff but a bit expensive . Food was great and we had lots of fun. We will be back
1 July 2017,50,The best steak ever!,Fantastic meal with my wife on a Friday night. This place is small and exclusive and booking is recommended. The steak was out of this world.
1 July 2017,50,Dinner,The food was very very nice they can't cook a steak like an American but it was okay I will definitely go back
26 June 2017,50,Best steak ever,"This is probably the best steak I've ever had. Everything else was great as well - the rest of the food, the service and the atmosphere. By no means a cheap evening but the ideal place for a special occasion."
14 June 2017,50,The Best,Still my favourite Steak House in London even better than Black and Blue. Perfectly cooked Rib-eye steak coupled with a superb wine list.
30 April 2017,50,Perfection,"Everything about our dinner was fantastic. The service was superb, food was executed brillantly, and the atmasphere was lovely. We were visiting from the U.S. and this was the best meal of our trip."
20 April 2017,50,Lovely meat,"Since I have been in England I love to eat meat. I liked the meat, soft, tasty. I will definitely come back!!!"
14 April 2017,50,Mouth watering,"Whole experience from start to finish was great : starters very substantial , Fantastic steak , cooked to perfection: wish i'd had room for dessert but too full."
12 February 2017,40,Trip to London,Was a very nice relaxing environment the food was very nice and also good customer service Only down fall was it was a bit to small for a restaurant around 7-8 tables
30 January 2017,50,Best steakhouse in the world,I cannot recommend this place enough. Have been here three times now and every visit was first class. Only one steakhouse (Quality meats in New York) even comes close to this place - the steak is cooked to absolute perfection.
23 January 2017,50,Delicious Steak,"I was recommended The Bull by a friend, and I'm so glad I heard about it. It's very small and intimate, and the service is very friendly. The empanadas were delicious, and the rib-eye steak with the black pepper crust was absolutely delicious."
15 January 2017,50,Best steak ever!,It seriously just melted in my mouth. Delicious lomo-filet. Very nice place too and good service. Recommended.
14 January 2017,50,"Great place, quality beef",Great evening with friends . Excellent quality steak and staff were attentive and fun. Will definitely come back.
11 January 2017,50,Lovely stakes,"Best steak house in london, the lomo was great. All the starters, sides a d deserts were awesome and well presented."
11 January 2017,50,I would definitely recommend it,"Great place: the food was excellent (we had the 250g fillet steak which was superb!!), the service was really attentive and friendly and the restaurant has a very good atmosphere. I would definitely recommend it!"
7 January 2017,10,Not so good,The food at this place is average at best. After the 45 quid extra the Madame tried to add on to the bill for nothing my rating slips to poor!
6 January 2017,50,Great steaks,Went there twice during our 6 day stay. Yes it is small but the steaks are exquisite. A little chaotic when busy but you always get a friendly face.
1 January 2017,50,Wow,Went here with my boyfriend New Year's Eve and the fillet steak was amazing! Good service as well. Would recommend.
20 December 2016,40,Nice steak.,Had a very nice steak sirloin with mashed potatos and pepper sauce. Grilled to perfection. I Will recomend this if you are looking for a good steak and a friendly staff.
17 December 2016,50,If you are looking for a good steak this is the place to come.,Came here on impulse before theatre visit at South Bank. Immediately from entering the restaurant we were made to feel right at home. We both had the salmon starter and the filet steak. It was absolutely delicious. Highly recommended.
16 November 2016,40,"Great steak, intimate venue","Really enjoyed this place. Staff were friendly, service was high. Steaks delicious. Wine list was ok too. Would go back."
30 October 2016,50,Just amazing,A fantastic evening with the husband. Food was fantastic. Service fantastic. Steak please....couldn't fault it. Delicious. Delicious!
1 October 2016,30,Just OK,"We went here for dinner tonight based on Trip Advisor reviews and honestly, we weren't impressed. My husband had the ribeye and I had steak (fillet) and lobster and we both felt that the meat really had no flavour and was quite underwhelming. Quite disappointed."
29 September 2016,50,juicy steaks,"Excellent and tasty steaks, great atmosphere, personalised service. Definitely will come back again."
14 September 2016,30,Small restaurant,"A small restaurant, we were seated by the stairs that lead to the kitchen so it wasn't very cozy. Luckily the hamburger was really tasty and the wine too. The waiter seemed to be very stressed."
4 September 2016,40,Good food,"I enjoyed my food there, the service was a little bit slow but otherwise a good meal. It was not special enough for me to want to come back straight away but it is a good option if you are around Holborn area."
27 August 2016,50,Amazing steak,Booked as love steak and was not disappointed. Lovely little restaurant away from the busy main Streets. Food was amazing as was the service. If you want steak go here.
27 August 2016,50,Perfect steak-Amazing!,Great service and the steaks were amazing. Perfectly cooked as we ordered them. We would highly recommend this little restaurant.
12 August 2016,40,Birthday Dinner,"Celebrating a birthday here. Limited menu, mostly grilled meat but the steaks and burgers we had were excellent. Service very attentive. When they noticed the balloons they decorated the birthday girl's dessert appropriately. Much appreciated. And also friendly."
8 August 2016,50,Steak and Lobster,The service was very friendly. Lobster very juicy and the filet steak amazingly tender! we will go back!
7 August 2016,50,One of my favourites,"I've eaten here a number of times and the quality is consistently excellent. The manager was really up against it last night with at least one staff member down, but the personal attention wasn't missing. Simply great steak."
1 August 2016,50,Best steak in London,Great meal and service and one of the tenderest steaks I have eaten. Good selection of wines particularly Argentinian which match the food perfectly. Not cheap but worth every penny
25 July 2016,50,Amazing Steak !!,"Booked this on Opentable. The food was so amazing. Nice little restaurant near Holborn, you must try it !"
3 July 2016,40,Great night,Had a lovely experience at the Bull had the 4 cuts of meat option with was very interesting as not seen that before as expected the meat was very good One bad point my wife had a very poor glass of prosseco
26 June 2016,30,Nice place. Good staff,Nice place with a vibrant and happy atmosphere. The service was what you would expect from a place like. May visit again.
25 May 2016,50,Brilliant choice,That is one of the most delicious Argentinian restaurant I ever tried.... since the beginning to the end.
15 May 2016,40,Excellent steak!,"Lots of options for cuts and sauces. The steak that we ordered was cooked to perfection and delicious. But, the sides, meh. Just enjoy the steak and good glass of wine, you'll leave happy."
11 May 2016,50,Amazing place,Excellent customer service and absolutely amazing food! High quality food which tastes great! I would definitely recommend!
29 April 2016,50,Steak afterA long day of walking,"We earned it - and the hotel recommended we come to this Argentinean Steak restaurant. Small, restaurant close to Holborn Station, good atmosphere, friendly service, great Bife de Lomo."
22 April 2016,30,Bittersweet,"+ delicious meals, especially the marinated sirloin + efficient service - dark atmosphere and old furniture - slightly overpriced given the overall experience (£120 for two with only one glass of wine)"
22 April 2016,50,Awesome steak,"Came here for my son's 21st. Had the most amazing meal. Very helpful and attentive staff, and fantastic food and wine. We hope to be back soon"
10 April 2016,50,great steak!,"very cozy place. they serve authentic argentine meat. the staff was prompt and nice. a bit expensive, but it worths"
9 April 2016,50,Perfect,"Had a quick business dinner with a colleague visiting from US. Great service, food really nice and we both enjoyed. Steaks were superb! Thanks"
4 April 2016,50,Best steak ever. Great service,Reservation for two on a rainy Saturday night. Steaks outstanding and the wine excellent. Great service and assistance from the manager. As Arnie said.. 'I'll be back'.
27 March 2016,50,Excellent!,"Best steaks ever, great sides - try the humitas. E xcellent service that really can explain the differences between the cuts"
22 March 2016,40,Excellent! Managed a big group very well!,Am excellent Argentinian steam restaurant! Even with a big group they got every order right. Very impressive. Dedicated staff and a comprehensive menu!
17 March 2016,50,Perfect Steak. Great service,"It was not our first time, but every time rhe perfect food standard is consistant. Very good meat, apetizers and deserts."
16 March 2016,50,Perfect,"Although slightly expensive, it's definitely with every penny. The steak is great, even for my high standards, & the staff was very friendly and polite without interupting our meal."
14 March 2016,50,One of the best...,"Maybe even the best steak I've had in the UK. The menu is limited and the space quite small. However, the food here is excellent and the atmosphere very easy. You can come here for a formal or informal occasion."
3 March 2016,50,Works night out,"A hidden gem,steaks out of this world and great value.Staff very helpful with a very good menu.I would highly recommend this place and you will not be disapointed."
19 February 2016,40,"Good steak , nice atmosphere",We were there as a table of 4 for a mid week dinner. Service was good and attentive the service efficient and the wine good. An above average restaurant that I will visit again
6 February 2016,50,One of the best fillet I ever had.,"I would like to start from the down side, the servies is slow. The steak fillet is a perfect 10. One of the best I ever head. Every thing else just loses it's meaning after the first bite. So who cares about time after that."
29 January 2016,50,Among the best steaks in the world,"Having been in Argentina, Uruguay and Botswana, I still won't hesitate to say that this is among the very best steaks ever. Maybe the best I've had. Not cheap but worth it. Totally."
28 January 2016,50,An Argentinean chef who knows how to cook steak,"Not that big in term of size, nice environment, very good service, fantastic food. I went there last week and couldn't resist to coming back this week as well."
15 January 2016,20,will not return,egg plant starters were the worst i have ever had. the steak was cooked to perfection but was far too salty. the spinach was so salty it was inedible. just 2 tables in use so there was no atmosphere. will not return.
5 December 2015,50,Perfect meat and French quality service.,"Small, but how good can meat be. My wife and me enjoyed different kinds of meat but all of then them were perfect. The wine and later on the cheese made this a personal top 10 restaurant."
4 November 2015,50,A Great Little Find,We were out looking for some where to eat and came across the Bull Steak Expert. The staff were very pleasant and provided some great recommendations from the menu. The steaks were cooked just as we requested and tasted succulent. Will definitely be back.
28 October 2015,30,Great steak,One of the best steaks I have ever eaten. Good service too. Let down by tired tacky decor and overall expense.
9 October 2015,40,Good value,"Beef is top quality, not necessarily the best, but certainly high quality. Good service, not ridiculously priced. Good location"
6 October 2015,50,Great meat!),"The meat is very good, also the wine, but..the meat..really really good :) the service also very nice and pleasent. Overall we spent a great time and had a really nice dinner :) thanks BsE )))"
27 September 2015,50,great steaks cosy restaurant and friendly staff,"if you go for some of the specials such as the ""ancho 4 a la pimento"" make sure you you have had a light lunch - serious sized steaks, beautifully cooked"
22 September 2015,50,Beautiful steak and friendly service,"I took a friend here as a special treat. The staff were lovely. Our steaks were absolutely delicious, as well as all the other sides. There is a great selection of cuts to choose from. I would highly recommend this place."
20 September 2015,50,Steak steak steak,"It's really hard to say anything but the steaks. Obviously it's the main reason to come here, it's the food you want to order. Have anything with meat!"
18 September 2015,50,Great Food Great Service,Red Lion Street Holborn.Small but perfect service with great food.Went for Argentinian sharing platter for two as recommended and at 60 was good value as its generous.£8.50 for basic white Pinio was bit expensive though.Service charge added which is standard for London.Treat yourself.
4 October 2015,30,I paid £8 FOR ONE SAUSAGE,Good and attentive service. But Chorizo starter costs eight pounds. It's just one normal sized sausage. You're having a laugh! Chips that came with the burger are just bog standard oven chips - mccains or something. Burger itself was quite good although they cannot cook...More
1 October 2015,50,"Great meats, wide wine selection","Very lovely place. Went here for lunch with a friend.  Steak selection is very impressive and the steaks were cooked immaculately (I had fillet). The starters are very tasty; wine selection is also very impressive.  It is, obviously, priced at the higher end of the market due to what this place is about and its location.  It does not have a very large seating area, so you may need to book, but there were some places during lunch.  For a steak lover, an overall great experience."
28 September 2015,40,Try the corn & cheese Empanada!,"I am not a steak fan, but ate at this restaurant with three others who are. They all thought their steaks (a filet and two ribeye steaks) were very good. I enjoyed a mixed salad, had the excellent Empanadas as my entrée, and ate part of my husband's baked potato. The Empanadas included a beef one and another with corn & cheese. The corn & cheese one was outstanding!  Our service was excellent and our server explained several things on the menu and offered good suggestions."
27 September 2015,50,great steaks cosy restaurant and friendly staff,"if you go for some of the specials such as the ""ancho 4 a la pimento"" make sure you you have had a light lunch - serious sized steaks, beautifully cooked"
22 September 2015,50,Beautiful steak and friendly service,"I took a friend here as a special treat. The staff were lovely. Our steaks were absolutely delicious, as well as all the other sides. There is a great selection of cuts to choose from. I would highly recommend this place."
20 September 2015,50,Steak steak steak,"It's really hard to say anything but the steaks. Obviously it's the main reason to come here, it's the food you want to order. Have anything with meat!"
18 September 2015,50,Great Food Great Service,Red Lion Street Holborn.Small but perfect service with great food.Went for Argentinian sharing platter for two as recommended and at 60 was good value as its generous.£8.50 for basic white Pinio was bit expensive though.Service charge added which is standard for London.Treat yourself.
9 September 2015,50,1st Wedding Anniversary,"Husband whisked me to London for our first wedding anniversary, and I needed to find a top end restaurant to surprise him. soon as I read through trip advisor and saw the reviews I knew this would be perfect! soon as I booked and told them it was our anniversary - and they delivered!  2 perfect steaks ordered - chips - mushrooms and this gorgeous sweetcorn side with salsa and mozzarella all melted together! was amazing!  after the meal, the 2 lovely waitresses gave us a surprise dessert with writing across and a candle!  topped off our evening - completely stuffed we didn't even do drinks after anywhere - straight back to hotel - dressing gowns and a film!  ended our weekend perfect - thank you all! even though it is expensive its worth every penny"
4 September 2015,40,A nice evening,"I went to the Bull Steak Expert for a work dinner as a group of 9 people. The service was very good and the food was good, but I found it slightly lacking in atmosphere. The men in the group all ordered the huge 600g steaks which they said were excellent. I had the small fillet which was lovely, though not the best steak I have ever had. I would recommend this restaurant if you were in the area but I wouldn't rush to visit again."
2 September 2015,40,Relaxing Meal,"Went with my daughter as she likes steak (I prefer seafood) but we had a lovely meal. She had sirloin with chips I had fillet with prawns both our steaks were really good. I do not have deserts but my daughter ordered stick toffee pudding and I had a little and it was gorgeous.  Had a warm welcome and nice very good service, the restaurant is small and cosy.  Very nice overall if a little pricey as is usual in London."
28 July 2015,40,Fantastic Steak but not cheap,We had excellent steaks in this great restaurant which also offered good service. The wine list matched the quality of the food. This is a top class restaurant if a little pricey.
8 July 2015,50,Fantastic steak,"Excellent steak, reasonably priced. Baked potato, spinach and wine all perfect. Nice atmosphere in the restaurant- not too noisy. Great customer service. Highly recommend."
30 May 2015,50,Great steak,Birthday meal with my husband. The restaurant was smaller than it looked in the pictures but I found it cosy. The staff all very friendly. The meal was fab. Would go again.
27 May 2015,40,Meat heven,"I found the place small but comfortable and warm.The staff where where very helful and kind.There reccomadations where correct with wine and food.overall i found the experence was good,expencive and all sides where extra."
23 May 2015,50,The beast meat restaurant in Holborn,"It’s not a cheap place, but quality of dishes and service were outstanding. It could be convenient for Premier Inn Holborn slayers."
19 May 2015,50,AMAZING steak!,"You won't be let down at this place... Excellent food and attentive service, an overall nice experience and memorable evening! I asked what they recommended and got a real nice culinary, argentinian experience!"
19 April 2015,40,Enjoyable,Had an enjoyable steak here last night. Tasty well cooked. Space is a little tight in the restaurant but service spot on. Prices a bit on the expensive side but I got what I paid for...a good meal. Thank you
2 April 2015,40,Great Meal - Lack of Atmosphere,"Quality meal, a bit pricey, sides were pretty small and expensive. Atmosphere was however non existent."
21 March 2015,50,Great steak!,"Searched for a quality restaurant in holborn & discovered this gem. We had to wait in the local pub for half an hour but it was worth the wait! Great steak cooked to perfection, what more can I say?"
21 March 2015,20,"Great steak, but...","Delicious steak but 4 of us squeezed onto a far too small table in a very cramped dining area. Tired decor and slow service,"
18 March 2015,40,Beef that melts,"They claim to be the beef expert. They deliver on this promise, what more can you ask for. We've booked to go back in a couple of weeks as we will be back in the area"
18 March 2015,40,No Bull pure beef,"Great beef, great service and great atmosphere. Will I return? You bet. Even the wines are reasonably priced. The menu is small enough not to be overbearing. Recommend the Tartar."
3 March 2015,30,"good steak, the only argentine was the cow","good food, nothing fancy, claim to be an argentine steakhouse, but the only argentine lands on your plate. the manager was friendly, the waiter had no clue and the food was good."
14 February 2015,50,Cut above the rest!,"Cosy setting, great service and of course, fantastic cuts of beef cooked to perfection. If you love steak, you need to give this place a try."
3 February 2015,40,Delicious rib eyes and sirloin steak!,"A very nice and decent dining experience for wife birthday celebration, attentive staff and good services especially the manager who is very helpful and knowledgeable. The dessert is also tasty. Value for money!"
20 December 2014,40,Nice,Came her with my mate for a steak before heading into the city and found it nice. The service was on the cold side but the food made up for it.
15 December 2014,40,"cosy restaurant, great service, a tad expensive!",went to the bull last week and was pleasantly surprised......the place is small but cleverly designed and maximises its space well. food was tasty and nicely presented.....on the expensive side but not overly so for london. would recommend it to friends!
23 November 2014,50,Best steakhouse,"Phenomenal food, atmosphere and customer service. What more could you want? 100% worth a visit or ten."
14 November 2014,50,Amazing food!,"Very good service and amazing food! The restaurant is small and cosy, so the staff can properly look after your table! The food is probably the best you can have in central London!"
20 October 2014,50,Argentinian Steak at its Best,"I was told the owner and/or chef are ex Gaucho. The steaks are gorgeous, wine is beautiful and reasonably priced for the quality. Always to a high standard."
19 October 2014,50,Wonderful Steak and wine,"Visited on Monday 14th, service was spot on and food was an absolute delight. Could not find a fault, I will certainly recommend this restaurant for a great night out."
18 September 2014,50,Perfect steak,"Good atmosphere, perfect meat! Service was a bit slow. Definetly will recomend friends to visit this place"
2 September 2014,50,Value for money and good steaks!,"A very nice dining ocassion, attentive staff and good services. Great foods (we had sirlion and ribeye) and dessert, value for money!"
26 August 2014,50,Birthday Steak!!,"We had a great meal here to celebrate the big Hawaii.Superb steak, great service. We had a beautiful Malbac Rose- was a balmy June evening. Not cheap but service and quality of food meant price was justified."
7 August 2014,40,Great steak!,"Cozy restaurant , nice service , good wine, excellent meat. Wanted to try the dessert but was too full with my 350gr steak. Enjoyed my GT too with my favorite fever tree tonic."
7 August 2014,50,Really good steaks,"This is the 2nd time we've been eating here, and both times it has been a really good experience. Great steaks and friendly and attentive staff."
2 August 2014,50,Great Steak!,"Small place, personal service, good wine recommendation and fantastic meat. I especially appreciated the variety of portion sizes available for each cut of meat so you could dial in how much you wanted."
20 July 2014,50,OMG!,"My husband and I + my son went here on Thursday (17/7/14). The best steaks we have ever had!! Was absolutely delicious, the sides were great too. Ok not cheap but in my opinion definitely worth it.......quality. Would return again!!"
27 June 2014,50,a very good atmosphere give 5 stars,"Very quaint restaurant with very good food. The prices are reasonable. The best wines are by the bottle, of which we found the prices were very well. The food was very good and I loved the steak was just right"
24 May 2014,50,Great food!,"For me a much better choice than it's more famous rival Gauchos. Better food, more attentive service and less impersonal. The non steak options are also high quality and worth trying out."
24 May 2014,50,Excellent!,A bit of a rushed and unplanned visit but absolutely fantastic! The best steak any of us had ever eaten! Very attentive service and a lovely environment to eat. We would love to come back when we are next on Lon-Don.
21 May 2014,50,Lived up to reputation,Had a meal with 2 friends yesterday evening. Service and food excellent. Arrived 1/2 hour early but was made to feel welcome. Really helpful descriptions of the steak options which was useful for steak novices like me!
18 May 2014,30,Good but not much to write home about,"Was hoping to brilliant, but got good. I can't say it was bad because it wasn't but I was hoping for a lot more, after all its named the expert. However it wasn't bad and pleasant environment but just not Gauchos or Hawksmoor."
17 May 2014,50,Amazing food,"This restaurant has the best steaks I have ever had. Far far better than in Argentina! Beware, you need to book up unless you go very early. It's not cheap, but it's worth it!!!"
14 May 2014,50,"Fourth time, excellent again","I love this restaurant, the food is amazingly good. Brought friends for a birthday treat, they loved it too. Heaven on a plate!"
10 May 2014,50,"If you like Argentine beef, this is the place!","A great place to eat if you like Argentine beef. The meal here was just fantastic! I had the rib eye, and it was perfect!!"
30 April 2014,50,Excellent steak,"The Bull definitely lives up to all the good reviews. The service was excellent - friendly and attentive, but not overbearing. The meal was great with the portions being generous. Wine selection good as expected. Overall, a very good place to visit!"
24 April 2014,50,Passionate About Steak,I tried this place as a result of reviews and it's great. They are fanatical about the menu they offer and it's costly but not expensive. It's on my list of places to go. Great food and service.
22 April 2014,40,Excellent steak !,"we went to The Bull with some friends and had a great experience, the meat was cooked to perfection and the service couldn't be more friendly and attentive , we are coming back next week."
21 April 2014,50,amazing!,"had the most amazing meal and drinks.. i am a very fussy eater especially with steak, couldnt fault it at all! service was also perfect and all staff were lovely !!"
21 March 2014,50,Long Distance Love,"Travelled from Inverness to enjoy a fabulous meal, best steak ever. A special mention for the outstanding service from the moment we arrived till we left. Perfect in all ways."
19 March 2014,40,Pricey but great service,"Nothing wrong with the service or the cleanliness and very attentive, Just a little pricey for my opinion but you are dining in london I am sure there are better steak restaurants but this one is very good"
7 March 2014,50,Cozy and Familiar - Perfect for meat lovers!,Food was excellent. Perfect for meat lovers! Friendly service. Stayed more than 3h talking to the owner. For sure i'll return.
4 March 2014,50,The best steak I've ever had.,"Great service and steak, had the Rib eye strip which was fantastic, if you're a carnivore this is the place to come."
1 March 2014,50,brilliant!,"waitress was really knowledgeable about the different steaks and the wines available. food was delicious, will be back!"
24 February 2014,50,Amazing steaks,"Dined here on a Saturday night restaurant had a great ambience. The service was great as it was not over bearing but always there when needed. The steaks were amazing, would thoroughly recommend."
22 February 2014,50,Birthday surprise,Very happy my hubby booked this for my birthday We had the combo which gave a view of all the food Plenty of staff friendly and no ott. Very good food and drink nice surprise pudding well worth it
21 February 2014,50,Fantastic!,"From entering the restaurant to leaving everything was exceptional , the Steak s are mouthwatering ,the South American red very good , and the friendly impeccable service was what gave it 5* in my book !"
20 February 2014,40,"Good service, nice food but not Hawksmoor!",Enjoyed our lunch here. The staff were very friendly and helpful and the food very good. There was little choice at the reasonable end of the price range on the wine list. All very good but I'd rather pay the extra and go to Hawksmoor.
3 February 2014,50,SMALL IS BIG,"This a small place over two floors but the food is BIG in taste, great service,fantastic food, lovely south American wines a real find in London and not to be missed. Probably the best steaks I have had in a restaurant !"
21 January 2014,50,Amazing,"Incredible food and service. It is worth going. If you are in London and like meat, do not miss the opportunity to have on of the best of your life!"
7 January 2014,50,Really good argentinian steaks,"Best steak i have eaten in UK... Red chimichurri sauce interesting and delightful, salmon starter a good compliment ... Service effective not intrusive ... Ambiance contemporary if ordinary but did not detract from the food"
21 December 2013,50,Meat lovers delight... And pretty good wine too!,"I went here yesterday for a boozy Christmas lunch with a group of friends, and was very impressed. The sausage platter and the steaks were brilliant, really tasty and cooked perfectly. We also had three very, very good Malbecs. I would definitely go back..."
18 December 2013,40,Reference steakhouse in London,"The place is small but nice, personnell is very friendly and steaks are excellent. It has become my number 1 steakhouse in Londo, sad I discovered it so late!"
18 December 2013,40,Great Steak!!,Crowd of 6 of us and we all enjoyed our meals. Pricing is almost the same as the rest of the restaurants in London. Not cheap but the portions are well sized. Wine was good too :)
13 December 2013,50,Absolutely fantastic,"This really is a fantastic place, the service was excellent, a great balance of friendly and appropriately formal. The food was amazing, I don't know how else to describe it, makes my mouth water just remembering!! Lovely little place, definitely worth a visit!!"
3 December 2013,40,Succulent,"A simple 300oz rump. No sauce. Rare with a crisp edge. Juicy and pink. Sliced like butter, soft,succulent and tender. I'll be back..."
26 November 2013,40,Amazing tender steak,"Restaurant disconcertingly quiet for a Tuesday lunchtime. Meat amazingly tender - cutting it, like a knife through butter. Wine this a little thin. Service good - although given the number of diners, they weren't exactly stretched."
20 November 2013,50,Superb,"Easily the best steak I've had in the UK. Cooked to perfection, great flavour, just right. Not cheap, but well worth the few pounds extra."
10 November 2013,40,"Juicy, if expensive, steak!",Wonderful meal; We did not need starters with the size of the steaks that was served. Decent beer and we struck lucky with the red wine; New world selection.
2 November 2013,50,Excellent,"Decided to visit after reading great reviews, weren't disappointed! Nice little restaurant in Holborn which offered a great set menu which made it excellent value."
27 October 2013,50,Fantastic Steak,Went to this venue with business colleagues and we were not disappointed at all. The service is fantastic and the choice of cuts is impressive too. The meat was superb better than any steak venue I have been to in London
20 October 2013,50,Fantastic steak,We visited here on a Saturday and both had the best steak we have ever had. A beautiful marinade over a superb sirloin steak. Go for their signature version it is well worth the little extra:) Fantastic.
18 October 2013,30,"OK, but nothing special","For the price we paid I was expecting something amazing. Unfortunately it was just OK. Steak was fine, but nothing special."
17 October 2013,50,Steak heaven,This is one of the rare places where you find the perfect steak. A piece of heaven if you ask me. Highly recommended.
8 October 2013,50,Amazing ribeye!,One of the best rib eyes I have ever eaten and I have eaten many of them.... I never use to write comments on Tripadvisor but this time I just had to.
30 August 2013,50,Experts in meat,Start with Fantastic tartare and share some meat empanadas... And of course share some of their incredible steaks.
27 August 2013,50,Best steak ever...,"We had dinner with couple friends of mine. Steak was wonderful, customer service perfect, restaurant clean. For sure this was one of the best steak houses in London which i ever had. Highly Recommended."
12 August 2013,50,Hidden gem,"Brilliant steakhouse , fantastic food excellent staff , wine list was extensive and couldn't fault anything about our evening , completely unrushed and a lovely evening out . Will def return !!!!"
12 August 2013,50,best steak ever,"Booked this before travelling and what a choice! Steaks were fantastic, both rib eye and fillet, as were side orders of sweet potato chips and mixed vegetables. Malbec red wine was also superb, and the cost of the evening was quite good for London!"
10 August 2013,50,Experts indeed!,Absolute fantastic Lomo. Combine the Lomo rare with Homitas=happiness! Nice wine list with only Argentine wine! Genuine
30 July 2013,50,The best steak ever,"This is a small steak argentinian steak house with amazing quality steak, perfectly cooked, friendly service, excellent wines. No space for starters and desserts, just focus on the meat! It is worth it!"
22 July 2013,50,An excellent dining experience,"Visited the restaurant on business with three colleagues, and what a find it was. Mid week the restaurant was quiet, but the quality of the steaks and the attentiveness of the staff was superb. Will definitely be back."
12 July 2013,50,Maybe the best steaks in London,"Not a fancy place but the meat and the wine are perfect. We tried many different steak houses in London including all the famous restaurants ,but here we became regulars because of he high quality of the meat and the wine"
25 June 2013,50,Absolutely hands down the best steak in London,A small independent restaurant serving the highest standards of food. Steak leads but also great staters and wine of superb quality. Friendly knowledgeable staff make this a great all round vwnue for any occasion.
23 May 2013,50,Absolutely brilliant restaurant,"I took a party of 14 friends who are all Steak enthusiasts and hve been to Gaucho, Hawksmoor etc. Every single person thought everything was brilliant especially the food."
4 March 2013,40,Great meat!,"Found this restaurant on tripadvisor Great meat, and all the sides + sauces was really good. Staff was friendly and prices where good! Not the biggest restaurant, so expect it to be crowded, and keeps your elbows close"
12 February 2013,40,A wonderful place,"The personnel is very gently and (meat) dishes are superb. The steak burger is superb. It costs what it offers, and it's not that much."
5 February 2013,50,Great Restaurant. Amazing meet,"It really deserves a visit. Not only The service is great, but The quality of The meet And The different appetizers are great. Bolivian cooks, portuguese And Spanish waitress always with an smile makes attractive The temptation of returning."
6 January 2013,50,Great steak and excellent service,Organised a birthday meal for my partner and was not dissapointed with both the quality of steak and service. The staff even made a fuss of my partner with a surprise birthday dessert.
20 August 2012,50,Fabulous- will make it a regular meal out!,Thank you for a fantastic meal!! The steak was beautifully cooked and myself and my partner had a perfectly romantic and lovely meal. Going next Monday for our annivesary and can't wait!
3 August 2012,50,Great pre-theatre menu,"It's location is a little out of the way for the West End but the detour is worth it for the great value pre-theatre menu. The staff are very pleasant, which makes a change from some of the more famous steakhouses!"
1 June 2012,50,The best steak in london,"End off. No contest. Seriously the best steak I have had in London, and I have been to em'all: hawksmoor, gaucho, goodmans (they are all great too), but for service, wine and quality of meat expect queues round the corner when word gets out!"
28 May 2012,50,Great steak,"Excellent service from knowledgeable and attentive staff, but more importantly they do a great steak. A very welcome addition to the area, highly recommended"
