"July 13, 2020",50,Amazing authentic stone oven baked pizza.,I can really recommend the one with zucchini flower and anchovies. Local place with really good service.
"March 13, 2020",50,Amazing pizza will return.,Outstanding pizza. So hard to choose but the simple tomato and cheese pizzas are hard to move past. When return to Rome will probably go again despite all the restaurants there. Helpful staff and can watch the pizzas being made
"February 4, 2020",50,Good!,Nice pizza! We were on a rush and the service was kind to help us out!! Cozy space and also good price 👌👍
"January 30, 2020",50,A hidden jewl treasured by locals,"Authentic Italian restaurant! The staff is welcoming and friendly, and the food is delicious (recommend the pumpkin sauce pizza!) If you want to taste the local flavors without all the tourists in the background, that's the place!"
"November 6, 2019",50,Great food. Great place.,The food was delicious. We took almost all the starters. Don’t miss the calamari and the squid. Wonderful pizza. And lovely service. We loved the place
"October 11, 2019",20,Not impressed,"In comparison to other spots nearby, the food was not very impressive. After a few bites the pizza got cold. The service was poor as well."
"October 2, 2019",40,Very good lunch,We had the bruschetta of the day and two different pizzas one with vegetables and the other with mozzarella. Service was friendly.
"September 29, 2019",40,Simple and good pizza,I had a Franky pizza with cherry tomatoes and bufala mozzarella. Cherry tomatoes were best I have ever eaten. Wine was also nice and service was good as well
"September 18, 2019",10,Update your opening hours,We walked 2km for a pizza just to get send away with „we open at 7.“. Everywhere we looked it says 6pm.
"September 17, 2019",50,Best pizza ever!,The place is super crowded and that makes sense! The pizzas are amazing and the staff super friendly. Can only recommend to go there!
"September 5, 2019",50,Super good food,"We had a perfect evening in this restaurant! Friendly service, really really good food!! Not too expensive either! I can only recommend this restaurant!"
"July 12, 2019",50,Amazing!!,This place was recommended by a friend and it set the bar for any other pizza while in Italy!!! The pizza was amazing and service was great!!!
"June 22, 2019",50,Peppo al Cosimato / Rome,"This nice restaurant is located on Via Natale del Grande and is super in tasty good cuisine italiana; nice atmosphere, excellent dishes and service, what we all love."
"April 7, 2019",50,"Peppo al Cosimato, Trastavere, Rome",Excellent service and delicious food. We were greeted by the owner and made to feel right at home. Pleasant atmosphere with indoor and outdoor seating. We highly recommend this restaurant.
"March 20, 2019",30,Medium,"It was medium experience: the service was good; the food arrived fast; the place is ok; but the food was not so tasty as well as the amount that came, specially for the price I was paying. Not a place I would go back."
"January 15, 2019",50,I'll be back soon!!!!,"One of the best pizzas in Rome. The rest of the menu is just as excellent. Great and original combination of pizza and bluefish. Super fresh and high quality ingredients. The service is friendly, attentive, passionate, helpful, highly professional and authentic at the same time."
"December 26, 2018",50,Amazing,"What a place! Friendly, Passionate, Professional and Simple. A mix generating an enthusiastic experience. Food & wine at reasonable price with no compromise with quality."
"December 20, 2018",50,Nice surprise,Used to be customer of the previous admin. I entered with hesitation but got conquested immediately! Nice service great food and reasonable price! Well done!
"November 16, 2018",50,Amazing pizza!!,"We went there first to try the seafood pasta which was delicious. We came back for the pizza, which was... as good as in Napoli. Just awesome. This is definitely my go-to place for a good pizza now. I which I had known before"
"October 24, 2018",50,Delicious,"Nice restaurant at one of the most picturesque neighborhood of Rome. Don’t miss it... Friendly staff, good prices, delicious food - mostly seafood."
"August 12, 2018",50,Excellent,My guy Gianluca is a top waiter highly recommend coming here his service was great and the pizza there is amazing
"August 3, 2018",50,Excellent,"The best restaurant in Trastevere and maybe in Roma! The food is really great, made with good ingredients. And the prices are really correct compared with what you see around. The hospitality is real hospitality, not touristic hospitality Salavatore is a very nice host"
"July 26, 2018",50,Be patience,Amazing place. Fresh fish everyday. Strongly reccomended. Just a little bit of patience since theyare packed everyday.
"September 2, 2018",50,Simply excellent and excellently simple,"As a resident of Trastevere, I was overjoyed to see this restaurant open up recently. I have already been here six times and have had an amazing meal and experience each time. The pizza is exquisite, as is the rest of the menu. Service is...More"
"August 12, 2018",50,Excellent,My guy Gianluca is a top waiter highly recommend coming here his service was great and the pizza there is amazing
"August 12, 2018",50,Taste of local cuisine,"During our first visit of Rome we wanted to try local cuisine beyond spaghetti and lasagna and our walk through Trastevere we found the perfect place for it. On first sight we saw la bunch of locals eating there and once we got there experienced the kindness of the staff. They translated the menu more than once for us - whereas I would like to mention that it consisted of a few main courses, which was a plus for us. The prices were reasonable, a starter was 5€, while a main course 10-16€. We also drank some Aperol Spritz which was 6€ each. If you are in Rome, definitely try this gem!"
"August 9, 2018",50,The perfect last supper in Rome,"My best friend and I found this restaurant by accident. It was our last day in Rome and we wanted to celebrate a fine vacation with a matching fine meal so we headed out to Trastavere at lunchtime to randomly find a place. It was the many locals sitting around, chatting and having lunch that drew us in. We made the right decision picking this restaurant: the staff was very charming, very Italian and very helpful (and they spoke fluent English). They didn't mind translating the entire menu for us (twice) and they convinced me to try a meal that I probably wouldn't have chosen otherwise (octopus sandwich) which turned out to be delightful. The menu is not too long and offers mostly fish/seafood-based traditional, but not commonly known meals (at least for tourists), so we especially enjoyed that we ate traditional, delicious Italian food that was still special and new. All in all, come here for the warm, funny and professional service, the friendly, local atmosphere and if you want to try food that's not that mainstream yet easy to appreciate for anyone. The prices won't break the bank either (entré 5 eur, main dishes from 10-15). Grazie for a perfect last meal! :)"
"August 3, 2018",50,Excellent,"The best restaurant in Trastevere and maybe in Roma! The food is really great, made with good ingredients. And the prices are really correct compared with what you see around. The hospitality is real hospitality, not touristic hospitality Salavatore is a very nice host"
"July 26, 2018",50,Be patience,Amazing place. Fresh fish everyday. Strongly reccomended. Just a little bit of patience since theyare packed everyday.
"July 21, 2018",50,Amazing new restaurant in Trastevere!,"My husband and I visited Peppo based on a recommendation from our Airbnb host. It was one of the best meals we've ever eaten. There are also staff who speak English, though this restaurant is not in a touristy area, and the menu is not in English. We ordered our waiter's favorite of the pizzas, and his favorite of the pastas. Of course all is fresh and hand made there in the restaurant. Prices are very fair and reasonable, and food is amazing. Out of this world, truly! All should give this new and delicious restaurant a chance!"
