"October 3, 2020",50,Pizza 🥰,Incredible tasting pizza and suppli😍 the owner of this small bistro is a truly friendly guy! Greetings from Vienna 😘
"October 3, 2020",50,SNACK TIME,The pizzas are just CRAZY delicious!! Worth the 5* Very welcoming and giving good advices! 100% recommend
"September 30, 2020",50,Great food and great price,Food was absolutely gorgeous. Such an amazing price for the amount of pizza given. You pay for the weigh of pizza!! Such a lovely owner very friendly! Made our lunch for 3 days in a row when we visited! Definitely a Rome must visit!!
"September 7, 2020",50,Super nice owner and delicious,"Super nice owner and delicious Pizza. We definitely recommend this Place. We come back, when we‘re next time in rome."
"August 25, 2020",50,Great Lunch Spot,Great pizza. Great service we were given plenty of water on the house which helped beat the heat of Rome!
"August 24, 2020",50,Best pizza in Rome!,"You can try lots of different flavors because pizzas are sold by weight, my favorite was the chef's favorite: ZUCCA !"
"August 9, 2020",50,The best pizza in Rome,"Great variety, great combinations of toppings and flavours and value for money. All in all, the best pizza we had in Rome!"
"March 21, 2020",50,Delicious pizza,"Delicious pizza, you pay by weight and it is inexpensive. I would highly recommend this place, there are benches nearby where you can eat it and look at the ruins!"
"February 27, 2020",50,One of the best pizzas I ever,One of the best pizzas I ever eat!! The one with pumpkin was amazing. Also really educated staff. 😄😄
"January 18, 2020",40,Fast food pizza,"The typical fast food, cut-to-squares, crunchy crust pizza, with many topping options. Very affordable and fair price, fast service. Taste is nothing special."
"December 20, 2019",40,Cheap pizza that taste really fantastic!,Cheap pizzas that are really tasty and love the the crispy crust! Friendly service too which is a rare trait in Rome! Gets Super crowded during lunch time. Only gripe is that limited seats.
"December 4, 2019",50,Best pizza,"I can say this is the best pizza I've ever had. This place is always busy but staff is friendly, ESPECIALLY Dora. She is very helpful. Love this place. Kham"
"November 30, 2019",50,Incredible Pizza!,"Looked up where to eat Roman Pizza beforehand and this place was top of my list! Incredible, ladies were nice and spoke enough English for tourists! Also incredibly cheap."
"November 24, 2019",50,Really good pizza,"Ended up eating here,every time we walked passed it.we arent that type that likes to sit in a restaurant,for hours,so this was perfect.its basicly a pizza ""to go"" place.we stayed close by,so did take pizza home also."
"November 15, 2019",50,Best pizza!,Best pizza I have had in my life! The staff are all very warm and friendly and you can easily get a couple of slices and have that as your meal. Would definitely recommend. 10/10!
"January 19, 2020",50,BEST PIZZA IN ROME,"A small pizza place run by really kind staff, one of the older pizza ladies insisted we got pizza with the limited amount of cash we had with us because they weren't taking card payments (SO nice of her!!). The pizza is rectangular and the...More"
"January 18, 2020",40,Fast food pizza,"The typical fast food, cut-to-squares, crunchy crust pizza, with many topping options. Very affordable and fair price, fast service. Taste is nothing special."
"January 11, 2020",50,Unassuming and Awesome,"You could easily walk by this place and not think twice. We sought them out due to the consistent high reviews and we were not disappointed. When we arrived the nice people behind the counter were happy to take our order in our [broken] Italian or in English. I pointed to the pizza I wanted and she asked how much I wanted. I am used to ordering pizza in discrete quantities - like 'a slice' or a whole pizza. She recognized my confusion, grabber her scissors, and cut me off a chunk and put it in the oven. There happened to be space at the tiny indoor dining area so we ate inside. That was nice so we could watch the other- mostly local - patrons. I really enjoyed the pizza here and highly recommend it."
"December 20, 2019",40,Cheap pizza that taste really fantastic!,Cheap pizzas that are really tasty and love the the crispy crust! Friendly service too which is a rare trait in Rome! Gets Super crowded during lunch time. Only gripe is that limited seats.
"December 18, 2019",50,Very friendly staff,"I was dragged here from the Forum by my subtle colleague who intimated that she would relish the opportunity to eat pizza. I purchased pizza. Pizza is readily available in Pizza Florida. The pizza was delicious and the staff were very friendly and were very patient with my friend who could not decide on her favourite pizza. She eventually picked the peperonni pizza, which she ate."
"December 4, 2019",50,Best pizza,"I can say this is the best pizza I've ever had. This place is always busy but staff is friendly, ESPECIALLY Dora. She is very helpful. Love this place. Kham"
"November 30, 2019",50,Incredible Pizza!,"Looked up where to eat Roman Pizza beforehand and this place was top of my list! Incredible, ladies were nice and spoke enough English for tourists! Also incredibly cheap."
"November 24, 2019",50,Really good pizza,"Ended up eating here,every time we walked passed it.we arent that type that likes to sit in a restaurant,for hours,so this was perfect.its basicly a pizza ""to go"" place.we stayed close by,so did take pizza home also."
"November 16, 2019",50,A tasty surprise - best pizza we had in Rome!,"We spent 6 nights in Rome and decided to try different pizza places. We were disappointed the first several times. I was online looking up pizza near our hotel (Monte Cenci) and saw Pizza Florida had great reviews and was only about a 5 minute walk away. And since we live in Florida, it was obviously meant to be. Actually, it is on Via Florida. The seating is very limited. Don’t go if you are looking for quiet and ambience. Be prepared for a line at certain times of the day. There are about a dozen pizzas ready for you to choose slices from for just a few dollars. I had never thought before about eating pizza covered in a pink cream sauce and shrimp - but it was delicious! We sampled several others as well but the shrimp remained our favorite. Definitely recommend."
"November 15, 2019",50,Best pizza!,Best pizza I have had in my life! The staff are all very warm and friendly and you can easily get a couple of slices and have that as your meal. Would definitely recommend. 10/10!
"November 14, 2019",50,Best pizza ever !!!,It was soooo delicious and the ladies were super nice! Not expensive at all. Definitely recommended!
"November 5, 2019",50,The ladies were so attentive!,"The ladies were so attentive! My parents and I were due for a nibble, we decided to make a quick stop.Thepizzawas amazing ,"
"October 26, 2019",50,Great affordable pizza,"A small crowded place, which usually means it's good and authentic. Very good pizza, lots of different choices of toppings, enjoyed it very much!"
"October 22, 2019",50,Amazing,"Great pizza , one of the best once, lots of choices , vegetarian choice to , and good price to , strongly recommend"
"October 7, 2019",50,Pizza dinner in Rome,A fantastic place for the family to eat in Rome at a great price. Love the idea of being able to try lots of different pizzas paying by weight of slices.
"September 25, 2019",50,Great Pizza,We were in a hurry and needed a bite to eat between tours. I was glad our tour guide suggested this place because it was good pizza and you can order different flavors because you buy the pizza by the size. Friendly staff.
"September 23, 2019",50,Best value pizza,"Best value for pizza and taste better than places charging more. Pops too are only 1.50, we were asked to pay double at some cafes. Good variety of pizza. And check out the cat sanctuary I'm the archeological site across the street."
"August 9, 2019",50,Amazing local pizza! Amazing lovely stuff!,"The place was lovely, pizza was insanely delocious! You can order different kind slices. And it really chip!"
"August 7, 2019",50,Good takeaway and interesting flavours,We strolled boyband jumped in to grab some pizza. The one with salad and scrimps was to die for! Nice and friendly staff. Read afterwards reviews on TripAdvisor in I agree. A good place for some fast Italian food ❤
"June 21, 2019",50,Delicious!,"Don't let the name fool you. The pizza here is better than the state of Florida. Excellent pizza at an excellent price. But if you're looking for a place to sit and relax, this isn't it... just grab a quick slice. Yum!"
"June 18, 2019",40,Really nice pizza and a great price,"Best pizza I had was Naples, but this was the second beer after a lot of pizza! Has a wide range of choice, tried 5 different ones and all good. Definitely worth a visit!"
"June 14, 2019",50,Pizza,Very good pizza. Great variety of flavors. Fresh materials. Good prices. You must try it anyway. Perfect.
"June 14, 2019",50,Amazing place in every possible way!,"Pizza is fresh, cheap and most importantly – amazing! If you are planning to visit Rome and find some good pizza, this is the place you should visit!"
"June 10, 2019",50,"Deliciously affordable, great variety","Delicious pizza , great variety, best value for money! The crust is flavourful and incredibly light. The variety of toppings means you can come again many times and always try something new!"
"May 28, 2019",50,Cheap and tasty,"Good place to take pizza away or enjoy on the premises. They have a nice variety of pizzas ""al tagliio"" and the prices are really honest."
"May 27, 2019",40,Tasty Pizza,Pizza Florida has variety of tasty pizzas with good price. It is also well connected with local bus services.
"May 21, 2019",50,Great Pizza,Best pizza we had in Rome. Frequented by local Romans and incredibly cheap! It's essentially a fast food place and perfect for a quick pit stop to refuel before taking in more of the sights.
"May 13, 2019",50,Excellent pizza,Best pizzavalue for money ever. Great tasting pizza with various ingrediens which is weighed for the exact price. Friendly staff as well.
"May 7, 2019",50,Surprised,First day in Rome and first pizza there!it was super close to our hotel and we will visit this place alot during this stay!pizza will never be the same!
"April 15, 2019",30,Cheap pizza in Rome,"You can try different types of pizza and it is very cheap. 100 gr. is around 1,5 euro. We especially liked the pizza with tuna. Other ones were normal."
"April 13, 2019",50,Best Pizza slices on the Torre Argentina!,Nice small place to eat your delicious pizza slices or take to go! Helpful staff and delicious slices!
"April 8, 2019",50,Pizza Heaven,The Pizza dough was like ciabatta - crispy outside and very fluffy inside. Best Pizza i ate until now - Thank you so much for that food expirience! awesome service - very nice!
"March 30, 2019",40,good pizza,This is a good place to get a quick snack. It is more of a take out place with many varieties of pizza. I loved the crust.
"March 13, 2019",50,Recommend,"Ottima pizza!! Many local people, at midday is full! You need to try this pizza!!!!! Best time for visit,is 11/12, 14/16!!!"
"March 8, 2019",50,Best pizza in Rome,"Only a few tables available but lots of variety of pizzas, sold by weight. Pizza for 2 and drinks for 12€. Best pizza we had un Rome so far"
"February 26, 2019",50,Great place to eat!,The pizza was awesome. During our stay we ate there 5 times. We try all of the kinds of pizza. It was really good.
"February 16, 2019",50,Good pizza în the heart of Rome,Nice place to eat somethin good and cheap. Like 10€ for two People and we had enough. And the advantage is that the plece îs nearby the main atractions. Nice place.
"February 11, 2019",20,Lacking flavor. Tasted better.,"We ordered four different ones. The only one good was buffalo mozarella. Others were just so so, and one with fries kids did not finish eating. There are better options for lunch nearby."
"February 11, 2019",50,Delicious!!,"It’s so crunchy yummy and full if flavors, try the Mozzrella de Bufala, so worth trying it, you will not regret it!!"
"February 5, 2019",50,Best Pizza EVER,"We got a recommendation for this pizzeria, and since we were very closed we decided to try it. Every slice, even with the strangest topping, was just perfect! 👌🏻 Better than any other (very good) pizza we had in Rome. Highly recommended."
"February 1, 2019",50,perfetto!,the food was delicious and the personnel extremely friendly! We can only recommend it! The best take away pizza in Rome for an amazing price! Lots of love from Switzerland😄
"January 13, 2019",50,Amazing pizza,"Pizza was really good, cheap and the service was great. Perfect for a quick lunch and pizza in Roma !"
"December 26, 2018",50,Good pizza. Quick.,"Very good pizza at a reasonable price. Nice staff. Very busy when we were there. Numerous varieties to choose from, and nice, thick crusts."
"February 11, 2019",20,Lacking flavor. Tasted better.,"We ordered four different ones. The only one good was buffalo mozarella. Others were just so so, and one with fries kids did not finish eating. There are better options for lunch nearby."
"February 11, 2019",50,Delicious!!,"It’s so crunchy yummy and full if flavors, try the Mozzrella de Bufala, so worth trying it, you will not regret it!!"
"February 5, 2019",50,Best Pizza EVER,"We got a recommendation for this pizzeria, and since we were very closed we decided to try it. Every slice, even with the strangest topping, was just perfect! 👌🏻 Better than any other (very good) pizza we had in Rome. Highly recommended."
"February 1, 2019",50,perfetto!,the food was delicious and the personnel extremely friendly! We can only recommend it! The best take away pizza in Rome for an amazing price! Lots of love from Switzerland😄
"January 14, 2019",50,Awesome Pizza,We were heading back to our room after a long morning of walking in the Trastevere area of Rome. We came across Pizza Florida and decided to stop in and get a slice. The server asked if the size of the sausage – peppers slice...More
"January 13, 2019",50,Amazing pizza,"Pizza was really good, cheap and the service was great. Perfect for a quick lunch and pizza in Roma !"
"January 12, 2019",50,Great recommended,"It was a great experience in this place. I have never tasted pizza like this. The crust is very crisp, staff suggested us some flavor and it was excellent. The most important thing is price is affordable. It depends on how weight you want to eat. For example, tuna pizza is 1.5 EUR / 100g. Staff can cut the size you want to eat, it mean you can eat three or more flavor for a meal. For me, I order 3 favors for 5.2 EUR and very full. It’s a good place every should visit when you come to Rome."
"December 26, 2018",50,Good pizza. Quick.,"Very good pizza at a reasonable price. Nice staff. Very busy when we were there. Numerous varieties to choose from, and nice, thick crusts."
"December 5, 2018",50,Loved it,For 8 euro we had a ton of pizza and a beer (big). The dough super good and the flavors even better. My favorite was the cream of mushrooms one. we wanted to try the bacon and provolone one but they just ran out of it. Hope you can try it!
"December 3, 2018",30,Great value for money and quick service,"We decided to visit this place as it was recommended. As a European I found their pizza's average, it had a nice crunchy base and light dough. The general toppings were good. The tuna was the best one for me. You get to decide what size you want for your pizza as they cut it for you and for my 6 slices it came to €5. Staff could be more friendly."
"December 2, 2018",40,Many choises,"Many choises of pizza by gram. Any taste you can imagine. Good prices, small place, with few chairs, but very good and friendly service."
"November 8, 2018",50,Very good pizza,Vast choice of pizzas to choose from. There is not much seating inside but you can enjoy the pizza on the other side of the road watching the ruins at Largo Argentina.
"October 27, 2018",30,Ole,Decent takeaway. The service was rude and sighed. but food was decent and mediocre. Bread With a crunch and a good palette. Ingridients compliment well but to safe. Very good takeaway. Not a restaurant quality. But really good instead of a dr oetker
"October 12, 2018",50,"Very Good, Quick & Inexpensive",Delicious pizza where they cut you off as much as you’d like so you can try as many as you’d like! Fast service and delicious. Also super inexpensive! Family of 4 (3 Adults & 1 Child) less than 10€!
"October 11, 2018",50,Go here immediately.,"We grabbed some pizza on our way back from a day of touring after this spot was recommended buy our Airbnb host and oh my goodness.. so delicious! Flavorful, delicious crust, and cheap!"
"October 10, 2018",50,Best pizza ever!!!!,"Amazing pizza, even better service. Had an amazing variety of pizza, anything you can dream of 💕💕💕💕💕💕💕"
"October 10, 2018",40,"Very good pizza, very good price","It was very nice place, good price for pizza in this localization, various kind of pizza to choose, very nice stuff. I really recommend."
"October 5, 2018",50,Best Pizza in Rome!,I come especially here every time I’m in Rome! They have the must unique pizza and totally affordable 🍕
"October 3, 2018",40,Great roma pizza,I had takeout at this location 3 times while in Rome. Quite simple excellent pizza. The dough is amazing. I would recommend as it’s pretty cheap for a quick snack or lunch.
"October 3, 2018",50,Amazing!,"Service was excellent and the pizza was delicious! Can’t believe we left this until our last day, will be back."
"October 3, 2018",50,Best pizza we’ve had in Italy so far,This is one of those hidden jams you would never find unless you looked up reviews. The pizza was absolutely delicious and as inexpensive as you can ask for. One person can easily get full on only three euros
"October 2, 2018",50,U must visit this place,"Pizza - Delicious! Local cuisine, place not only for tourists. Only cash At 10pm closed To sum up, you should visit this local diamond"
"September 27, 2018",50,One of the best,"One of the best pizza by the slice I have had so far in Rome. Definitely in the top 5. Fresh, inexpensive and a variety of choices. Plus you cant beat the view while enjoying your slice on their outdoor benches."
"September 24, 2018",50,Great for a quick and inexpensive bite,"Very friendly staff, excellent pizza. My favorite was the mushroom. It's in the Largo Argentina square, very close to the Pantheon and Campo di Fiore."
"September 19, 2018",50,Best Pizza of my life,Had to wait quite a bit but it was all worth it. Nice fatty Margherita and really spicy and good tomato pizza
"September 18, 2018",50,"Pizza, service so good!","We had to visit this place based off TA reviews. Fresh pizza, pay by weight. Large bottle peroni beer only 2,00 Euro. People are friendly. Lots of pizzas to choose from. We tried 4 different slices and loved them all."
"August 5, 2018",50,Yum,"Came here after reading all the TripAdvisor reviews. Great choice of pizza, sold by gram. I’m allergic to dairy and still found 3 types I was able to eat. Would definitely come back."
"July 26, 2018",50,Worth the walk!,"Well worth the walk for some great pizza. Lots of choice of pizza, all sold by weight. A decent slice cost us €2 and the same for a beer. Best pizza we had in Rome."
"July 17, 2018",50,Best Pizza Ever,"Probably the best Pizza !!! I found that place on TropAdvisor, very small shop, various tastes, very colorful, very tasty and not so expensive !! I realy enjoyed the persons working there, a must see in Roma"
"June 25, 2018",50,Best pizza I've ever had!,Best pizza in town. Very cheap too. Literally spent 4 euros and tried 3 different types of pizza. Plus the owners/employees were very nice! Must try spot in Rome!
"June 22, 2018",40,Great,Great choice if you want a fast snack on the go. To my suprise the onion pizza was very tasty. .....
"June 21, 2018",50,Beast pizza,"Could have eaten here all week, basically did for snack pizza was so good. Had the mushroom and ham and cheese and cheese and tomato. Tomato was so fresh"
"June 17, 2018",50,Great pizza,"Loved the pizza here. Great service, lots of interesting toppings as well as classics and well priced."
"June 16, 2018",50,The pick of all pizza places for us,"This has to be by far the best pizzas we ever had. The crust, the sauce, the toppings and the choices. It'll definitely spoil you for choices. We tried the buffala, the ones with aubergines, with ham. Oh All of them were really great!"
"June 11, 2018",50,Best pizza we had in Rome.,We tried to try as many different restaurants as we could during our short stay in Rome and this place was by far the best pizza we’ve had. We would highly recommend for anyone visiting Rome. Also very reasonable and friendly staff.
"May 29, 2018",50,Delicious!,"Best pizza in Rome full stop. Buy by the weight of your slice of pizza. Many delicious choices, actually too many choices. Each pizza looks more tasty than the next. Very reasonable priced."
"May 28, 2018",40,"WOW! GREAT PIZZA,GREAT PRICE","This is a great place, with super delicious Foccacia style piazza. Limited seating, buy many kinds of pizza and great prices. Right behind tha cat sanctuary at Largo Di Torre Argentina. Loved it and will return."
"May 27, 2018",50,The best pizza i have ever eaten,"They have won global awards for their delicious pizzas! Simply amazing, they would need tables and therefore bigger pizzeria, but still its a unique place and definitely going the next time I travel to Rome! You dont wanna miss this little pizzeria!"
"May 18, 2018",50,Pizza and beer,One of the best and cheap pizza shop of Rome. A lot of tastes of pizza and coldd Peroni beer (660cl for 2 euro).
"May 6, 2018",50,Delicious take away,"Very good take away pizza. Enjoyed the zucchini, salmon, and buffalo mozzarella pizzas very much. Wish we could go back!"
"May 5, 2018",40,Ideal for take away pizza,Very friendly service. Hasnt got enough space to sit inside. The amount is pretty good. The prices compared to the rest restaurant s of Rome are pretty descent. And the quality you get is satisfying. Would recommend for take away.
"April 21, 2018",50,amazing pizza!!,"Amazing wide array of choices for pizza, all freshly made n bursting with flavour. Massimo was very friendly and welcominf and have great advice. We shall definitely be back next time we visit Rome"
"April 7, 2018",50,Mind blowing,This pizza is amazing! We kept the receipt as a souvenir and went back a few years later just so good!!!
"March 25, 2018",40,Good pizza on the go,"Grab a slice of fresh tasty pizza. It’s no frills and fills a gap. I’ve not seen a Pizza Hut or a Dominoes in Rome, and places like this are probably the reason why."
"March 20, 2018",50,Awesome Pizza,"We ordered pizza here for lunch on our visit to Rome. The pizza was excellent. Very fresh with a thicker, crunchy crust compared to the typical ROMA pizza. Great, friendly service and the prices were very reasonable"
"March 16, 2018",40,Italian pizza to go,It's a stand and for cheap price you can get a decent nice pizza. Many variations and the sizes are up to how hungry you are. Recommend here for a quick to go good pizza.
"March 6, 2018",50,Best pizza of rome,"Best pizza if Rome. They can cut as big slice as you want, and incredibly nice guy serve you out . Recommend it."
"March 2, 2018",30,It was ok.,"The pizza was ok, nothing special. I am not sure why this places is rated so highly. Really nothing to write home about."
"February 21, 2018",50,Amazing place,"I recommend to eat in this place.. Very good pizza, cheap and delicious 😋 Good location and nice service"
"February 4, 2018",40,Pizza for a quick lunch,I had a quick lunch since this place was close to my B&B...very good pizza! The are options also for vegetarians
"February 4, 2018",50,Stupendo!,"Can’t add much more to previous reviews: great, tasty, fresh pizza served by delightful staff at incredibly low prices. Meal for two at under €10 including a large (660ml) Moretti..! Can’t beat it :-)"
"January 15, 2018",50,very good,"Very good pizza, friendly service (in many languages). Many different choices, also for vegetarians! Pizza paid by weight. Very affordable."
"January 13, 2018",50,Best!,"Best pizza I've ever tried in Rome!!! Great products, taste, price and customer service! The one with the tuna is incredible!"
"January 12, 2018",50,Perfect Pizza,This is a no fuss perfect pizza. There are dozens of flavours on display. Pizzas are sold by slice and charged according to their weight. You can try as many as you like and it would not break the bank.
"January 4, 2018",50,Best pizza on the go,"During our week in Rome we went multiple times to this small stop, not our habit as we like to discover new places.. but the pizza is just too good to miss, and for the price it is a great deal. Don't miss it!"
"December 31, 2017",50,Love it,We looked forward to returning here. We went back three times in eight days. Trying different types of pizza was enjoyable.
"December 28, 2017",50,"Fast, cheap and delicious",The most delicious pizza. I've tried few pizzas. You should try it. Very nice and friendly people are working there.
"December 26, 2017",40,"Tasty, cheap pizza","I had low expectations but was pleasantly surprised. The range of toppings is great and the pizza base itself is divine. Would definitely go back. Plus, the cheap price really is a bonus."
"December 24, 2017",40,Good pizza,Good pizza. Tiny spot. Be prepared to eat standing outside or get take out (take away). I had 5 different types of pizza and they were all drlicious. Wasnt salty. I wish i had the stomach space to eat more
"December 22, 2017",50,Must try,"Amazing and super affordable pizza. This place has a good offer of flavours, crunchy and thin crust."
"December 19, 2017",50,Very good pizza with fair prices :),Awesome small takeaway restaurant with a great variety of delicous pizza. Prices are mesured by 100gr and there are 3 tables so sit down and enjoy your pizza.
"December 16, 2017",40,Yummy pizza,"Delightful pizzas, quick friendly service. Great range for meat lovers or vegetarians. I had to stop myself eating more"
"December 14, 2017",50,Highly recommended,"The pizza they sell in pieces, many tastes, very good and digestible. Highly recommended to everyone."
"December 10, 2017",40,Good quality Pizza,The quality of the pizza was great and very authentic. Decent selection. The prices are average and go by weight.
"December 9, 2017",50,Excellent pizza on the go...,"TripAdvisor didn’t steer us wrong. Some of the best pizza we’ve eaten. Two slices and two beers for 10 euros, can’t be beat!"
"November 27, 2017",50,Best 🍕 ever ...,"Delicious ...delicious....delicious. I cant get enough of the pizza served here. A lot of variety with fresh ingredients, excellent staff and reasonable prices."
"November 21, 2017",50,Best pizza we had in Rome,"Best pizza we had during our stay in Rome! There are plenty of options to choose from, the ones we tried were absolutely delicious! Make sure to order their philadelphia and porcini mushrooms pizza- DIVINE!"
"November 13, 2017",50,It melts in your mouth !,"Many people say 'best' to many things. I have to say that Florida pizza is one of the best pizzas you can get in Rome, an easy 5 star rating. Ps: I did a refill to the pizza box on the spot !"
"November 13, 2017",50,One of the Best places,"Super good pizza ! Glad to find it. Prices between 1 and 1, 85 euro/100g. The place is too small for the big crowd."
"October 23, 2017",50,Awesome staff,"Just dropped in and I just loved it. Not the best pizza ive had but the owner, WHO was friendly, happy and very funny, made the experience alot better. If you just want a small and quick bite, try this place! He made my day!"
"October 19, 2017",50,Best Pizza in Italy,"Best pizza in Italy hands down, great service and some really awesome combinations/servings. Extremely cheap for what you get. ex. 2 beers and 3 slices of pizza was 4 Euro. amazing deal."
"October 16, 2017",50,Great lunch,"Absolutely loved up to all of the reviews on here. Great authentic pizza (down to the scissors) and super cheap. Staff was friendly, and talkative. Great experience with great food!"
"October 5, 2017",50,Very tasty pizza,"I recomneded this pizza, it very tasty. And the boss of this bistro/ristorante is very good man. He like czech peoples so czech came here =)"
"September 30, 2017",50,Really delicious !,I'm a pizza lover and this pizza was really belong most I've ever tried. Fast food and no place to sit though.
"September 30, 2017",50,best to go pizza,"the real italian food just for us on the street. lots of pizza types all fresh just out of the oven. nothing sophisticated, just pizza. plus: fresh pizza, lots of flavors, smiling people, quick service minus: no tables outside, no pos, small space inside."
"September 23, 2017",50,Best pizza in Rome,"Loved the pizza, so many varieties and buy by the weight. So cheap but does not disappoint on quality. Only a couple of seats in the shop but very pleasant to sit outside around the piazza. You will return!"
"September 22, 2017",50,"Amazing service, amazing pizza!","Pizza and service was amazing! A large peroni beer $2.00, soft drinks and water 1.00- you won't regret eating at this great little pizza place."
"September 6, 2017",50,Pizza FANTASTIC!,Walking by and decided to come in. The variety of pizzas looked great. Tried 4 different pizzas. All were great! The family managing the place are super friendly and nice. Worth the detour to taste some great pizzas!
"September 6, 2017",30,Not too bad,Not too bad but I think there is better places to eat better pizzas. the advantage is to be able to take a lot of differents small piece of pizza
"September 5, 2017",50,Gorgeous Pizza...and cheap!,"Wonderful pizza, friendly service and very affordable (you pay per weight of pizza)...we loved this place and highly recommend it. $1.50 for a bottle of Peroni in a busy city centre eaterie. ...you could have knocked me down with a feather! Brilliant!"
"September 1, 2017",50,Awesome,Very small but very delicious. They sell it by the weight. Fluffy but crisp crust. Delicious. Go there!
"August 24, 2017",50,great place to take pizza!,it is great place to take fast and not expensive pizza! a lot of different flavours (especially unusial is pizza with shrimp). Great value for money! We vere satisfied!
"August 16, 2017",40,Good pizza,"The pizza with tuna was great really loved it we struggled a little to find a good pizzeria in the pizza land untill we found this one ,was yummy cant wait to get back"
"August 4, 2017",50,The best in Rome!,"The best in Rome! excellent pizza!! Very friendly people! Extraordinary prices!!! We were 3 eating with good appetite, we ate 3 different kinds of pizzas, plenty of it plus 3 bottles of water for only € 9.68!!! Highly recommended!"
"July 30, 2017",50,Best Pizza Ever!!!,Loved the pizza here. Priceed by weight ao is quite cheap. For a family of 4 we spent about €15. The service was fantastaic - definitely recommend this restraunt!
"July 26, 2017",50,Yummy!!,We enjoyed it soo much and it was so yummy that I can't even explain. And it's also surprisingly very cheap. Recommended to everyone travelling to Rome. Make sure to try the philadelphia; I'm still craving it!
"July 18, 2017",30,"Good location, cold pizza",Went here following trip adviser recommendations. Staff were friendly however pizza was served pretty cold so pretty disappointing
"July 15, 2017",50,Cheapest meal ever and yummo,"Dropped in for a quick takeaway pizza, no wonder they are ranked so highly. So tasty, great friendly staff and very cheap.... Loved it.... best takeaway pizza :-)"
"July 14, 2017",50,"Tasty pizza, local favorite",All the slices we tried were delicious and completely worth their low price (1€+ for 100g each). Almost all other customers that came by were locals which is always a good sign!
"July 12, 2017",50,GREAT Pizza in Rome!,"This was our first stop after checking into our VRBO apartment. It's a hole in the wall pizzeria, but man does it have great pizza! We had slices of mushroom, margarita and proscuitto pizza and all were fantastic!"
"July 8, 2017",50,Awesome!,"How anyone can fail to award this place 5* I don't know. I suppose I can't really talk having only been once but the staff were so friendly, the prices excellent, and the pizza yummy. Nice area to sit inside, and a bench just outside."
"July 5, 2017",40,Tasty takeaway pizza!,"Conveniently located in a busy central street in Rome, it's a very good place to get your pizza and enjoy at home! We chose many different flavors and they were all delicious, except for the mushroom one which was average. I would recommend it!"
"July 2, 2017",50,Awesome pizza!,Great pizza! Affordable and quick. Highly recommended. The staff is friendly but there isn't much room to sit. Good for grabbing a slice and going.
"June 26, 2017",50,Must go!,Various pizza for you to choose. All pizza go by weights. The best pizza we had in Rome! Friendly and helpful staffs. Only downside is you have to wait for the seats. But it's definitely a must-go pizza place!
"June 20, 2017",50,Outstanding pizza,"A humble place, off Argentina square that serves outstanding pizza made with love. A great variety of delicious toppings on great dough. I'm taking too much. Just go there and try it."
"June 17, 2017",50,Great value tasty pizzas!,It's very busy but it's fantastic value and really tasty! You grab a ticket when you're ready to order. It's very nice!
"June 15, 2017",50,Amazing pizza!,Amazing pizza try the bacon with pumpkin cream ! It's simply Amazing ! Good price and enjoyed a big Peroni !
"June 9, 2017",50,Best pizza in Italy!,"We have visited everyday on our trip, the pizza is so tasty and the staff are lovely. 100% recommend"
"June 9, 2017",50,Yum! And fun,The pizza is delicious and the staff is hilarious! We loved our little pizza lunch! Our favorite was the onion pizza!
"June 2, 2017",50,Simple tasty pizza,"Soo convenient and soo good, light and crisp just how I like it, I can eat these any time of the day and soo cheap as well. Too bad you can't find one near termini :( I could use a simple meal right now."
"May 24, 2017",50,Yummy!,The pizza was the best I've had this week! The staff was exceptionally friendly and helpful. I will definitely eat here again.
"May 9, 2017",10,This is not pizza this is bread with tomato sauce!,"I visited the store after reading the amazing reviews and I ended up eating one of the worst pizzas ever. I don't care about the price, I mean, how much can they charge you for one kilo of bread?"
"April 28, 2017",50,Best pizza and lowproces,High value restaurant. Family of 4 shared outstanding pizza. Would highly recommend. Buffalo mozzarella is best one
"April 10, 2017",40,Great Deals,"The pizza is very good and not expensive. 1,50 €/100gramms! beverages are cheap: water 0,70€, coke 1,50€, beer 3€. but only 3 tables inside. most costumers do take away."
"April 8, 2017",50,Great Pizza,Really great pizza and awesome service offered at Pizza Florida. I realy sugest to give it if near by. The prices also are really good.
"April 6, 2017",40,Very good pizza al taglio,"Most everything worthwhile has already been said about Pizza Florida: very fresh pizzas, numerous choices, and a friendly staff that speaks English."
"April 3, 2017",50,Friendly owner!,First day in Rome and we had the best pizza we had!!great deal of variety and we tasted almost every of them... delicious!!! The owner so originally friendly and funny..
"April 2, 2017",50,Great price and pizza,"You can eat at this place the weirdest and yet one of the best pizza slices! The price is really good, like in between 1.20 - 2 euros per 100 grams."
"March 31, 2017",30,"Good, but nothing to die for","Average pizza, not bad but not amazing. It did look pretty fresh, and quite affordable! The staff was not the friendliest, and no toilet. On the plus side, they have wifi!"
"March 21, 2017",50,Excellent pizza slices...,"Simple, fresh and really tasty pizza slices. Great stop for a quick snack. Space for seating is limited, so be prepared to stand for a few minutes. Popular with locals and reasonably priced."
"March 20, 2017",50,Delicious Vegan Pizza,"Wife and were looking for a quick snack but was humbly surprised how delicious the pizza was here. We had the vegetarian with fresh herbs and tomatoes, but for me the crust was light and crunchy and quite delicious. Will come back."
"March 1, 2017",40,Quick and Delicious pizza,Staff is really friendly and helpful. The pizza is delicious and they cut your slice however large or small you want it. The only thing I was disappointed in was it was not hot enough.
"March 1, 2017",50,Vacation,"Exceptionally great food, very friendly owners, felt like home! Not much space, but you can find a seat or you can take it to the nearest park."
"March 1, 2017",40,Vite fait bien fait,not expensive and taste good. You have got many chooses to eat and the place is nice located to eat quickly something.
"February 23, 2017",50,Awesome Pizza by the Gram,"The pizza is fresh and tasty, excellent variety and good prices. It is sold by the gram, so you can "" mix snd match"". The staff is friendly and helpful. Good for a quick meal."
"February 21, 2017",40,Nice place for takeaway pizza,"Pizza was good and this is exellent place for takeaway. We have just travel to Rome and we just wanted to have something small. Pizzas for four person, three bottle of water and one beer was all together 16 euroes."
"February 21, 2017",50,Yum,Cheap and delicious. Take away where you buy and choose any flavour of pizza by the square. We fed the family with drinks for less than 10 euros.
"February 20, 2017",50,The best pizza ever!,"The best pizza ever in a good area good price and the best quality! Congrats!! We will come back for sure, grazie mille!!!"
"February 18, 2017",50,Pizza with a view,"Stopped here after wandering Rome, super pizza slices, tasty and with a well cooked bottom. Friendly staff and great value. A lovely surprise. Recommended"
"February 16, 2017",40,Good pizza,Good and cheap shop with good selection of pizzas. Strong 4 stars. And they cut the slice as big as you want!
"February 11, 2017",50,Great Pizza,Delicios pizza the staff is very friendly a large selection. You can get a little or a lot as it is done by weight. Excellent and inexpensive.
"February 5, 2017",40,Very delicious local pizza,"It was really a fine pizza with good price! Local people eat there as well. Classic street food, very delicious pasta!"
"February 1, 2017",50,Excellent pizza,Very cheap but excellent pizza..Really kind staff..Free water and wifi..You must visit it..Try the margarita
"February 1, 2017",40,Grate food in a street style bar=restaurant,Many original selections of pizza. highly recommended! I specially liked the one with Philadelphia and salami :)
"January 31, 2017",40,Super tasty typical Rome street food!,Super tasty! A great way to star a walking tour around the city! Good variety of pizzas and TASTY! Lovely sales lady!
"January 30, 2017",50,Wow!,Must try the Prosciutto!. A bit out of the way of where we planned to go but the detour was lovely and worth it for the pizza.
"January 28, 2017",50,"best pizza in Rome , for 1,2Euro/100g","great quality pizza for less money, will return asap, way better pizza then in costly restaurants, friendly waitress, family run business"
"January 24, 2017",50,Very good various pizza,"Amazing pizza and as a plus you have all kind of pizzas to choose from :). Also, very cheap. From 1.20 to 1.80 per 100 grams. A must when in Rome."
"January 23, 2017",50,Excellent,Pizza here is amazing for a fare price! We eat in 3 people and expend 15 euros totally! The waitress was lovely and very helpful!!
"January 20, 2017",50,Wow!!!,Best pizza i ever ate in my life.really now i can't eat any other pizza because i will always compare it to this one.amayzing crust with bubles.wonderful toppings.cheap prices.not too many seats but do your self a favor and pay this place a visit.
"January 18, 2017",50,Cheap & delicious - definitely one to try!!,"Enjoyed take out pizza - 4 slices for €10. Incredibly cheap (price is dependent on weight) and very tasty. The staff were very helpful - A must go to pizzeria, can see why it scores so highly. Would definitely return."
"January 2, 2017",50,One of the best in Rome,"The pizza's taste is more than good and the prices are very resionable, I have been there 3 times while in Rome, also the stuff is very friendly and speak good English."
"December 27, 2016",50,Good pizza,Pizza is sold by weight. Good value for money. Tastes great. Some seats and 3 tables available to rest our tired feet after lots of walking. Cosy. Went back another day but found it closed due to public holiday on 8 Dec.
"December 27, 2016",50,This is it...!!!,The best pizza I ever had so far.. Now I won't be able to rate any other place for pizzas after having eaten here.
"December 24, 2016",50,best pizza,"For lunch, this is the best pizza in Rome!! Good location.. and best price.. Friendly staff.. very small, only 2-3 tables.."
"December 22, 2016",50,A fantastic hole in the wall,"We simply searched google for pizza after wandering around the wedding cake and stumbled across this place. Great food, great price, and quick service."
"December 17, 2016",50,Excellent pizza!!,"Very tasty pizza, lots to choose from! We tried three kinds of pizza and all of them were exceptional!!Also very friendly staff!"
"December 15, 2016",50,Superb,"Great taste, great variety, fantastic service. Loved the mozzarella pizza. Decent prices. Will come again soon."
"December 7, 2016",50,Great pizza and big variety,Very good and tasty pizza if you want something to eat fast. Don't expect something more than that...
"November 15, 2016",50,Lovely pizza,"We were really hungry and found this place. There was a lot of people so it was a good sign. The variety of the pizzas are amazing, the staff is nice and the food is wonderful."
"November 3, 2016",50,Best Pizza in Rome,"Best Pizza in Rome. We tried several spots and found nothing this good. So fresh, so many favors and so cheap!"
"October 25, 2016",50,Family Vay Kay,Really good !!! The potato and sausage and cherry tomato is amazing !! I also like the Margarita and they even have us a bottle of red wine!
"October 22, 2016",50,Delicious,We went today and it was delicious very small but worth the visit crispy tasty pizza that you pay by weight
"October 18, 2016",40,"Ok pizza, but cheap!","Lots to choose from, no seating but overall just okay. We had much better pizza in Italy but this one was really cheap and quick."
"October 7, 2016",50,Very good pizza,"The value was great and the pizza very tasty. Pretty close to the main attractions, but the inexpensive price and quality were fabulous."
"October 3, 2016",50,Amazing pizza,"Some of the best pizza I've ever had. The different varieties are so good. Loved the shrimp cocktail pizza! The owner was so friendly. Amazing, cheap pizza"
"October 1, 2016",40,Delicious,"Great pizza, super cheap, lunch for two including a drink of bottled water was less than 7 euros! 5/7 would pizza again!"
"September 25, 2016",50,Always tasty pizza and pleasant atmosphere,"I have been visiting this place every summer for 10 years now and have never been dissapointed! The best pizza in town, great variety, clean, pleasant atmosphere and the staff always ready to help you choose and chat a bit :) I love the place!!"
"September 24, 2016",50,Banging pizza,"Light dough with a crispy base. Plenty of options, veg, fish, meat... Served by friendly staff that don't mind bad Italian. The place is small with a couple of tables inside and a bench out side. Well recommended."
"September 21, 2016",50,Very nice and tasty,"Very nice and tasty grate service ! Looks grate, littel place to sit but nice, many kinds of pizzas to pick from"
"September 19, 2016",50,"Awesome pizza, very inexpensive","We ate here 3 times during our 3 night stay in Venice. The pizza was so good. This is just a small shop, there is no seating. You have to take the pizza to go, which helps to provide low cost."
"September 17, 2016",50,RadovanAnita,"Strongly recommended. 😀 Very nice owner who likelly offer the best. It means fresh ingredience,... Simply - piece of heaven in your mouth."
"September 12, 2016",20,Toppings on a bread,"We went here after reading tons of trip advisor reviews but we were totallyPizza disappointed. W had the margarita pizza and the potato pizza, both were toppings on a bread. It is a very economical place though."
"September 5, 2016",50,Great Pizza sold by weight!,"Lots of tasty choices and plenty of veggie pizzas, if not, they are happy to make for you. Very cheap too!"
"September 5, 2016",50,Quick lunch,Went here for lunch and the place was very busy. Only takes cash. Was $11 euro for lunch for two. Staff was very friendly.
"August 21, 2016",40,Yummy inexpensive pizza!,"We loved all the kinds of pizza we tried! It was such a great find. We found out though that they were about to close for summer break the next day which broke our hearts. Amazing pizza, not to be missed"
"August 9, 2016",50,Great spot,Went last night. You go in take a ticket and wait to be served. Pizza is delicious and the staff speak English. Pizza is weighed and the cost is variable. Well worth going
"August 5, 2016",40,Great and fast-served takeaway pizza,Perfect spot for good yet cheap pizza. Friendly and fast service. Enjoy it outside overlooking the Teatro Argentina ruins :-)
"August 1, 2016",40,Good Pizza for good price,I was visiting the city with my wife and we randomly ran into this place. They have very good tasting and quality pizza for good prices. We encountered friendly staff and a number of pizzas to choose from. If around it should definitely be tried.
"July 26, 2016",50,Very Delicious,It was so nice that we got back there again for more pizza! 10's of different tasts and fresh colorful pizza call you!
"July 25, 2016",50,Best ever!!,Yummiest pizza I've ever had in my life. I visit Rome 2 times a year and lived there for a year. The people that work there are as awesome as their pizza!
"July 9, 2016",50,Awesome,"Yumm delicious!! You won't regret it, you have to try it. Perfectly thin and crisp amazing toppings you never thought want together. Just great"
"July 9, 2016",50,Awesome pizza and variety!,"Crisp crust, any version you can think of, even zucchini flower! Small place but worth the standing to eat here. No worries, you'll eat it so fast you won't be standing long!"
"July 4, 2016",50,Solid pizza,"Just arrived to Italy and found this place at our bus stop. Great introduction to the good food to come! Great service, not much seating, wide selection."
"July 3, 2016",40,"Fast, cheap, tasty and good location","Try pizza with cherry tomato and ricotta. Friendly staff, fast service, very good location, walking distance to several monuments (even Colloseum). Not a sophisticated restaurant but a good point to stop, breath and take a few slices of pizza."
"June 28, 2016",50,Best Pizza 👌🏻,"It's a very very clean restaurant,the pizza very delicious, and the staff is very very helpful and cheerful. Thaaaank you Pizza Florida 😍"
"June 27, 2016",50,Yum!,This was the perfect lunch on our way from the Colosseum to the Vatican! All of the reviews are right - best pizza!
"June 23, 2016",50,Delicious,Is there is a perfect pizza this is as close as when gets. I recommend the four cheese and the spicy salami.
"June 7, 2016",40,Great pizza,"A great variety to choose from, friendly staff and very decent prices. I'd say take one of everything!"
"May 25, 2016",50,Best Pizza we had in Italy,"Love this place! Great value delicious pizza! The dough is perfectly chewy and soft, the toppings are varied and all delicious. This was some of the best pizza we had in Italy."
"May 21, 2016",40,Great fast food,We wanted a quick bite on the move and read good reviews. I can order a pizza at the size that suits u. Light and delicious and really reasonably priced. Would definitely return.
"May 21, 2016",50,Top Pizza,Quite simply the best pizza I've ever had. This little fast food gem has a great selection of amazing pizza served in squares. Cheap. Popular with the locals too - I now know why. I had to go back again before leaving Rome.
"May 21, 2016",50,Green pizza.. great place,"It was great simple nice and TASTIE!!! We shall Come Back for sure. The service was fantastic as well, the guy knows the sports teams in every country."
"May 11, 2016",50,Delicious squares of Pizza!,"A big range of Big square pizzas, sold in any size you like, so you can have a variety of all you fancy! Try the one with zucchini flowers, and also olive and sundried tomatoes. just too yummy!"
"May 5, 2016",50,Excellent pizza,"We tried this pizza after we read reviews on TA. It was soooo nice with quality ingredients (buffalo mozarella zucchini, smoked cheese). We payed 15 euros for many pieces of pizza and we tried so many favours. I definitely recommend this plac it was awesoooome!"
"April 29, 2016",50,Amazing fast food,Grab a ticket and choose your slice. Many toppings on offer and they slice off the size you want. Very reasonable prices displayed per 100g. And delicious!
"April 28, 2016",50,pizza - quick stop!,"delicious pizza in rome, small place, with local flavor, many choices and great value! you can eat in there or sit in the benches outside with ruins view!"
"April 27, 2016",50,Awesome pizza in Rome!,visited there in July 2014 and just wanted to let everyone know that the pizza is fantastico! Lots of varieties and all are great. Ate there 2 of the 3 days we were in Rome.
"April 23, 2016",50,Wonderful place,"Wonderful place for lunch. Tasty , no really very tasty. A large variety of pizzas. Great service. Cheap"
"April 17, 2016",40,Good lunch spot,We ate here on our first afternoon on a recent trip to Rome. It's only a small shop and it was very busy but we were seen to quickly and had some lovely pizza. Prices were also very reasonable.
"April 10, 2016",50,Tasty pizza,"Very tasty pizza, we tried 4 varieties and they were all great. The prices are very reasonable, great value."
"April 10, 2016",50,Best pizza ever.,"This place sets the bar for pizza. The base is more like a ciabatta, crunch on the outside and soft in the centre. I think we tried every topping they had over the course of two visits. Would highly recommend."
"April 8, 2016",50,Best pizza ever!,Honestly the best pizza I've ever had! And so cheap ! We went there almost every day! The staff is great so friendly as well :)
"April 2, 2016",50,Great lunch,"What fantastic pizza! Great selection of tremendously tasty pizzas, all for a terrific price. Two of us ate really well, with drinks for 10 euro. Can't go wrong here."
"March 18, 2016",50,Amazing Pizza!!,"This place serves some of the best pizza I've ever eaten! I tried several of their options, and liked all of them! Even the simplest Margherita tastes out of this world here!"
"March 14, 2016",50,Great,Really tasty Pizza! Great fluffy dough and tasty sauces. Staff and owner were really nice too. Simple bistro like interior but the tasty pizza is really worth it. Best Pizza I have eaten in whole of rome.
"March 10, 2016",40,Yummy!,There were many different kinds of pizzas..we tasted almost everything! One of the best pizzarias in Rome! And the staff is super friendly..loved them :)
"March 7, 2016",50,The best pizza in Roma,There are a lot of pizza places in Roma. But there is no doubht that pizza florida is the no. 1 pizza. Do not forget to visit also the cat shelter in the ruins in front of this great pizza.
"February 28, 2016",40,Good for quicky,"Good ""street"" food - pizza, which is cut to your measure. Exactly what you need when you are on sightseeing trip in Rome. Cheap, good quality and fast"
"February 28, 2016",50,Tasty tasty,I want to come back to Rome to have the possibility to visit Pizza Florida again....or you have to open at my town :)
"February 25, 2016",50,Fast and tasty!,Thank you for sweet service! Good price for delicious pizza! Very good location!!! Come back soon :) visitors don't forget to leave tips ;)
"February 23, 2016",50,Good pizza spot,"Very good value for money pizza, the staff were extremely kind and welcoming of my family. This was despite a constant flow of customers, most of which were Italian speaking, so it's certainly popular with those that know real Italian pizza better than me!"
"February 22, 2016",30,Good Pizza - had better,"The Pizza is good but not the best I've had (Alice Pizza across the VIttrio Emannuelle st. is the best), But Pizza Florida is good as well and the service is very good and there."
"February 17, 2016",50,Perfect,I was in Rome for pleasure and happened to taste their pizza. I think this place should be in the city tour....don't leave the city without tasting it..the best pizza ever!!!
"February 10, 2016",50,Delicious lunch stop and incredibly nice staff!,This is a great place to stop in for lunch and is conveniently right across the street from the Torre Argentina Cat Sanctuary. It was so good we even went back twice! Staff was very nice and food was delicious!
"February 9, 2016",50,Very good pizza to-go,Great pizza to-go for anyone who is on the run or for tourists looking to continue their visit and not stop at restaurants.
"February 7, 2016",50,Go to this place,"After my 6'th visit in Rome, an after testing a lot of pizza takeaways, I can declare this is one is absolutely the best"
"February 7, 2016",50,Very good pizza!,Great tasty pizza for a good value! You can either choose to take it away or eat in on few chairs that they have inside.
"December 9, 2015",50,Delicious,great pizza and many flavors to select..also very cheap!! yoy have to visit this place!we will visit it again before we leave
"December 5, 2015",50,Perfect,"The food is just perfect, cheap and with great quality. Im here right now and never stop getting more and more people, the food is always flying and new one getting prepared"
"November 12, 2015",50,"Good pizza, good prices, good service","This is a nice place to enjoy pizza. Easy recipe, good food, and fast and good service. You dont need to expend lots of eur on tourist restaurants to enjoy a good pizza."
"October 9, 2015",50,Pizza at it's best!,"Wonderful pizza! Have to try the pumpkin ( yes, pumpkin) pizza! Simply scrumptious as are other types as well. Crust is so good. The restaurant is not big or fancy ( only 3 tables), but the staff is very friendly and the pizza worth it."
"September 15, 2015",50,A great snack,Perfect taste & economical. Clean. Amazing attitude & welcoming staff. Recommend to go there for a snack or a meal .....
"August 24, 2015",50,extremely tasty and very good value.,"Found this place by chance after a long day at the Colosseum. The pizza here is just delicious, better than the restaurants we visited while in Rome. We sat outside on a bench with a couple of drinks. very reasonably priced."
"July 21, 2015",40,Flo-rida,As good as many Tripadvisers has wrote. Cheerful and polite personal selling tasty and fresh pizza. You can choose what you like and pay according to weight. We like !
"July 7, 2015",40,Best pizza in Rome,This is a little take away pizza place that sells by the slice but also has some basic tables and stools. There are many different types of pizza to choose from.
"July 6, 2015",50,Best pizza in Rome!,Me any my family went here on our last few days of being in Rome and honestly it was my favorite pizza I had in Italy! Defiantly visit when in Italy
"July 5, 2015",50,Great Pizza,We found this place through the Trip Advisor reviews. The sausage and blue cheese pizza is delicious! It is inexpensive and the service is instant.
"July 4, 2015",50,"Good Pizza, Great Prices","We hit up this place while on the way back to our hotel. It was quick, easy, and inexpensive -- but great! You can eat in, or you can grab it to go like we did."
"June 27, 2015",50,"Fast, delicious & inexpensive","Everything you need for pizza on the run. Briskly efficient yet friendly service has you out the door quickly. What takes the longest is choosing which pizza to have! So good, I went back the next day!"
"June 6, 2015",50,Best pizza in Rome.,This is just what we were looking for. Run by a family for many years. The owner had a birthday today. Happy birthday gorgeous of man. We loved your pizza.
"May 24, 2015",50,Tasty meal that's easy on your wallet.,"Pizza sold by weight, and a wide range of flavours available. I picked pizza with salmon toppings, and tasted excellent."
"May 9, 2015",40,Just good,"Pizza tasted good, there are a lot of flavors. A few tables, but no chairs. Price and serving size are average."
"April 30, 2015",50,Great Pizza,We were on the go and the pizza was delicious and crunchy. The cherry tomatoes just exploded with freshness in your mouth. All the different combinations were great. The potato pizza was different but very good. Would highly recommend!
"April 28, 2015",50,Great pizza in Rome,"The pizza is one of the most tastiest pizzas in Rome. Centrale destination, cheap and so GOOD! The pizza is crispi and crunch, what make it better than the others."
"April 15, 2015",50,Quick Pizza in Rome,"Best Pizza in Rome. And right across from some OLD ruins. Worth a try. A take out joint with a variety of yummy square pizzas. Not much place to sit, and there is sometimes a long line, but it is worth it."
"March 12, 2015",50,Best pizza we had during our stay in Rome!,"The tomatoes were absolutely delicious :D Not too much space inside, but a perfect and affordable option for a take-away meal."
"February 17, 2015",50,Great pizza on the go.,"This is a takeaway although they have maybe 2/3 tables with chairs. Great pizza, lots of variety, nice staff."
"February 6, 2015",40,Very good pizza,"Very good and tasty pizza. nice variety, cheap and simple. tried a few vegeterian options recommended."
"February 2, 2015",50,"Amazing pizza, authentic italian experience",This place is an amazing find! We were in Rome for 3 days and went everyday for a bite to eat on our way back from our day visiting the sites. Very friendly and fantastic value for money. The mozerella and basil is a must.
"January 4, 2015",50,Do Not miss it if you'r around,"We were roaming around Rome discovering the city and it was raining so we gave it a try.. Absolutely Amazing, we tried many flavors, all were delicious.. Specially the Tuna and the onions/tomatoes. Great staff too."
"December 29, 2014",50,Great food outstanding value!,Pizza by the weight! Super friendly and delicious! Affordable drinks two! Also located by the planet of the cats which is probably the coolest place in the world!
"November 27, 2014",50,Best pizza,"This place is the nicest place! great pizza - good price, big variety, the localisation is great...the working staff....everything ...."
"September 21, 2014",50,Maybe the best pizza al taglio in town,"The title says it: maybe the best pizza al taglio in Rome. Very nice taste, good bottom and kind service. Not expensive at all."
"September 21, 2014",50,Taxi driver's recommendation,"The taxi driver who drove us to Kame Hall told us it was the best pizza in not just Rome, but in the whole world. He was right about them making terrific pizza! We loved it!"
"July 4, 2014",50,Well worth it,This pizza tastes really good and it's super cheap. Great for a snack or pizza on the go. Loads of different varieties and all the drinks are cheap too under 1 euro.
"June 20, 2014",50,Awesome pizza,"Absolutely outstanding pizza by the slice. Friendly staff, either to eat there or to go. About 2-3 Euros per decent sized slice. Free wifi. Highly recommended when you are around in that area!!!"
"May 26, 2014",50,Delicious pizza & friendly service,Very handy for us as we're staying about 2 doors down at the History Suite! Delicious slabs of pizza served by friendly and efficient staff. They put our pizza for 4 in a takeaway box which made life much easier.
"April 18, 2014",40,Good lunch choice,No frills but great pizza. Highly recommend the zucchini pizza. Remember you pay by weight. Good place to stop on the way to the Victor Emmanuelle monument. Nice staff and no lines.
"March 23, 2014",40,"Excellent flavors, great value",An unpretentious pizza restaurant offering a range of flavors and toppings. Servings are quite filling and you can choose the size of your slice and their prices can't be beat. Highly recommend it.
"December 17, 2013",50,"Yummy, a bit thicker pizza!","I felt in love with their pizza! :) You can choose from like 10 kinds of pizzas made of always fresh and premium quality ingredients. It's also very cheap by the way. Prices are almost the same as in termini ""supermarket's pizzeria""."
"November 25, 2013",50,one of the best pizzas in Rome,"Great crusty pizza, the best I have ever had! Very wide choices of pizza, fresh ingredients. Also very kind people working here. Thank you very much!"
"August 19, 2013",40,Wonderful Cheap Eat,We found this place by chance as it is next door to our hotel. The pizza is delicious with a very good selection and good value for money. Even the water was reasonably prices compared to other spots in Rome.
"August 13, 2013",40,"Great, cheap pizza","Went here first night upon arriving in Rome - great pizza, great atmosphere, and very good value- my girlfriend and I had everything we wanted and it all came to under 15 Euro's including a drink each. Cheap, cheerful and tasty."
"July 13, 2013",50,Utterly delicious pizza,The best pizza we have ever eaten. I dont know whether it is the best in Rome - almost definitely not - but its the best we found. Its focaccia style.
"June 30, 2013",50,Perfect for a quick lunch,"This place has amazing pizza al taglio (by the slice) between the Capitoline and the Campo di Fiorri. There's minimal seating inside, but benches around the neighborhood if the weather is nice."
"June 28, 2013",50,Belissimo!,"Excellent pizza, so much choice! Very friendly staff, don't let how busy it is put you off as service is quick."
"June 20, 2013",50,so yummy!,"A delicious pizza al taglio that makes you feel like a Roman - just buy it and go for a walk. A lot of different types, your only problem will be the choice!"
"June 17, 2013",50,Best pizza in rome,"After reading the reviews on here I made a point of hunting this place down and I wasnt disappointed, we both had a generous slice of fantastic pizza for 4 euros total! After having pizza in resteraunts this was by far the best!"
"June 12, 2013",40,Nice pizza in reasonable price,This is one of the two best pizza we had while in Italy. There is always a freshly bake pizza coming out of the oven. we have tried 5-6 of them and they were all equally good. Highly recommended
"June 8, 2013",30,good idea- mediocre food,"Went based on TA recommendations. Cute idea of buying pizza by gram and testing many flavors, unfortunately all were about the quality of what you's get in an airport or shopping mall in terms of taste."
"May 15, 2013",50,Over the top pizza,"Just popped in after a long walk an O M G. Just looking in the case makes your mouth water. So many varieties. Had the mushroom,sausage and then the smoked salmon. Too full to try more but will be back for sure."
"April 8, 2013",50,Best Pizza,"Best pizza, and best deal. The owner was the nicest guy. Wish we had found this place sooner we would have been back every day! They cut the pizza with scissors too, which was unique."
"April 1, 2013",50,perfect pizza in the perfect place,"perfect pizza in the perfect place, my trips to Rome would be the same without stops to pizzeria Florida"
"March 20, 2013",50,Worth every gram,"The pizza's are sold by weight, sliced with scissors and consumed standing or sitted on high stools. The dow is just right and the various toppings are superb. Service is quick with a smile. This is the perfect fueling station when exploring Rome on foot."
"January 15, 2013",50,Tasty,"Superb little pizza shop. You get to choose exactly how big your pizza is and the price is excellent. Service was very friendly, they were extra helpful to non Italian speaking. Last but not least the pizza was awesome."
"October 8, 2012",50,Dennis Tang,"OMG, I recommend this to every single pizza lover. I have it twice a day, it's not just becuz it's cheap, it's becuz the pizza simply too good."
"April 30, 2012",50,Brilliant street food,"If you are anywhere nearby and even vaguely hungry, this is worth a trip. Definitely the best street food pizza we had in Rome, with lots of Italian customers. Staff helpful and friendly even to the tourists like us!"
"October 31, 2011",50,Best Pizza Ever!!!!!,"Run by the friendly Fiori family, fantastic Florida offers delicious slices of pizza with fresh toppings, such as fontina cheese, bacon and chilli. There is no shortage of creativity here. In a small shop they bring out sheet upon sheet of pizza. Some of the...More"
